{"stats":{"minecraft:killed":{"minecraft:magma_cube":1,"minecraft:skeleton":9,"graveyard:acolyte":7,"minecraft:zombie":2,"minecraft:chicken":1,"minecraft:silverfish":2,"alexsmobs:crow":1},"minecraft:killed_by":{"minecraft:player":2,"undead_revamp2:the_moonflower":1,"minecraft:skeleton":2,"undead_revamp2:thesmoker":2,"graveyard:acolyte":18},"minecraft:dropped":{"minecraft:coarse_dirt":6,"minecraft:feather":1,"minecraft:stick":2,"minecraft:leather_chestplate":1,"minecraft:torch":1,"minecraft:leather_boots":1,"minecraft:iron_door":2,"minecraft:oak_sapling":4,"minecraft:spruce_slab":2,"minecraft:iron_bars":1,"minecraft:polished_blackstone_bricks":1,"minecraft:wooden_pickaxe":1,"minecraft:armor_stand":1},"minecraft:crafted":{"minecraft:wooden_sword":4,"minecraft:crafting_table":4,"minecraft:wooden_pickaxe":1,"minecraft:stone_axe":1,"minecraft:iron_axe":1,"minecraft:stick":20,"minecraft:iron_ingot":9,"minecraft:stone_pickaxe":1,"minecraft:wooden_axe":1,"minecraft:dark_oak_planks":140},"minecraft:mined":{"graveyard:tg_coarse_dirt":1,"minecraft:light_gray_stained_glass_pane":1,"minecraft:dark_oak_log":36,"minecraft:crafting_table":1,"minecraft:spruce_trapdoor":1,"minecraft:grass_block":1,"minecraft:jungle_planks":1,"minecraft:cracked_polished_blackstone_bricks":3,"minecraft:white_stained_glass_pane":1,"graveyard:tg_deepslate":5,"minecraft:redstone_wire":5,"minecraft:soul_campfire":1,"graveyard:lying_skeleton":1,"minecraft:moss_block":3,"minecraft:iron_door":1,"minecraft:wall_torch":1,"minecraft:spawner":3,"minecraft:large_fern":3,"graveyard:wither_skull_with_rib_cage":1,"minecraft:polished_blackstone_bricks":3,"minecraft:coarse_dirt":4,"graveyard:wither_skeleton_hand":1,"graveyard:vase_block":1,"graveyard:skull_with_rib_cage":1,"graveyard:tg_moss_block":1,"minecraft:cobbled_deepslate":6,"graveyard:leaning_wither_skeleton":1,"minecraft:pumpkin":1,"graveyard:skull_pile":1,"minecraft:grass":9,"graveyard:creeper_skeleton":1,"minecraft:iron_bars":2,"minecraft:dirt":10,"graveyard:leaning_skeleton":2,"minecraft:smooth_quartz":1,"minecraft:dispenser":2,"minecraft:polished_blackstone":4,"minecraft:stone":23,"minecraft:iron_block":1,"minecraft:oak_leaves":1,"minecraft:tripwire":2,"minecraft:infested_stone":1},"minecraft:picked_up":{"minecraft:crafting_table":1,"minecraft:coarse_dirt":10,"minecraft:leather_chestplate":1,"minecraft:feather":1,"minecraft:magma_cream":10,"minecraft:chicken":1,"minecraft:iron_door":2,"minecraft:leather_leggings":1,"iceandfire:armor_copper_metal_chestplate":1,"minecraft:wither_skeleton_skull":1,"minecraft:dirt":8,"minecraft:string":2,"minecraft:iron_leggings":1,"minecraft:leather_boots":1,"minecraft:armor_stand":2,"minecraft:bone":25,"graveyard:corruption":4,"minecraft:wheat_seeds":1,"minecraft:cobbled_deepslate":7,"minecraft:smooth_quartz":2,"minecraft:spruce_slab":2,"minecraft:moss_block":2,"minecraft:iron_boots":1,"minecraft:stick":4,"minecraft:pumpkin":1,"minecraft:torch":2,"minecraft:spruce_stairs":1,"minecraft:polished_blackstone_bricks":4,"iceandfire:armor_copper_metal_boots":1,"minecraft:redstone":4,"minecraft:dark_oak_log":35,"minecraft:tnt":1,"minecraft:dispenser":2,"minecraft:honey_bottle":1,"minecraft:light_gray_concrete":3,"minecraft:arrow":5,"minecraft:rotten_flesh":2,"minecraft:slime_block":1,"minecraft:lever":1,"minecraft:cracked_polished_blackstone_bricks":3,"minecraft:iron_block":1,"minecraft:polished_blackstone":3,"minecraft:oak_sapling":4,"minecraft:iron_bars":1,"minecraft:skeleton_skull":1,"minecraft:cobblestone":14},"minecraft:broken":{"minecraft:wooden_sword":2,"minecraft:stone_axe":1,"minecraft:wooden_axe":1},"minecraft:custom":{"minecraft:interact_with_furnace":8,"minecraft:mob_kills":23,"minecraft:interact_with_crafting_table":11,"minecraft:open_barrel":25,"minecraft:leave_game":1,"minecraft:time_since_death":9408,"minecraft:climb_one_cm":26207,"minecraft:time_since_rest":9537,"champions:champion_mobs_killed":21,"minecraft:sprint_one_cm":139702,"minecraft:damage_taken":7626,"minecraft:walk_one_cm":332738,"minecraft:drop":20,"minecraft:damage_dealt":6589,"minecraft:swim_one_cm":847,"minecraft:talked_to_villager":1,"minecraft:fly_one_cm":241153,"minecraft:player_kills":1,"minecraft:open_chest":11,"minecraft:crouch_one_cm":37871,"minecraft:play_time":79257,"minecraft:deaths":25,"minecraft:sneak_time":6256,"minecraft:walk_under_water_one_cm":1385,"minecraft:jump":455,"minecraft:walk_on_water_one_cm":8300,"minecraft:total_world_time":79257,"minecraft:fall_one_cm":14069,"minecraft:inspect_dispenser":1},"minecraft:used":{"minecraft:moss_block":2,"epicfight:skillbook":1,"minecraft:dispenser":2,"minecraft:stone_pickaxe":90,"minecraft:polished_blackstone":3,"minecraft:wooden_pickaxe":12,"minecraft:rotten_flesh":2,"minecraft:polished_blackstone_bricks":2,"minecraft:torch":1,"minecraft:mutton":2,"minecraft:dirt":8,"minecraft:crafting_table":5,"minecraft:wooden_axe":42,"minecraft:cracked_polished_blackstone_bricks":3,"minecraft:chicken":1,"minecraft:stone_axe":70,"minecraft:wooden_sword":158,"minecraft:cobblestone":8,"minecraft:skeleton_skull":1,"minecraft:coarse_dirt":2,"minecraft:cobbled_deepslate":7,"minecraft:pumpkin":1}},"DataVersion":2975}