{"stats":{"minecraft:killed":{"alexsmobs:crow":1},"minecraft:killed_by":{"undead_revamp2:thesmoker":2,"minecraft:player":1,"undead_revamp2:the_moonflower":1},"minecraft:crafted":{"minecraft:dark_oak_planks":24},"minecraft:mined":{"minecraft:grass":1,"minecraft:dark_oak_log":6,"minecraft:oak_leaves":1},"minecraft:picked_up":{"minecraft:wheat_seeds":1,"minecraft:dark_oak_log":6},"minecraft:custom":{"minecraft:time_since_rest":4298,"minecraft:crouch_one_cm":2568,"minecraft:play_time":13867,"minecraft:sprint_one_cm":41580,"minecraft:walk_one_cm":49079,"minecraft:damage_taken":1275,"minecraft:deaths":4,"minecraft:sneak_time":372,"minecraft:walk_under_water_one_cm":891,"minecraft:mob_kills":1,"minecraft:jump":84,"minecraft:damage_dealt":333,"minecraft:walk_on_water_one_cm":4772,"minecraft:time_since_death":4271,"minecraft:total_world_time":13867,"minecraft:swim_one_cm":847,"minecraft:fall_one_cm":4374,"minecraft:fly_one_cm":82747}},"DataVersion":2975}