{"stats":{"minecraft:killed_by":{"minecraft:player":3,"undead_revamp2:the_moonflower":1,"graveyard:acolyte":18,"minecraft:skeleton":2,"minecraft:zombie":1,"undead_revamp2:thesmoker":2},"minecraft:custom":{"minecraft:mob_kills":24,"minecraft:interact_with_crafting_table":11,"minecraft:open_barrel":26,"minecraft:leave_game":2,"minecraft:time_since_death":30082,"minecraft:climb_one_cm":28607,"minecraft:sprint_one_cm":232279,"champions:champion_mobs_killed":22,"minecraft:walk_one_cm":378871,"minecraft:drop":42,"minecraft:talked_to_villager":1,"minecraft:play_time":114787,"minecraft:deaths":27,"minecraft:sneak_time":7324,"minecraft:walk_under_water_one_cm":3957,"minecraft:jump":680,"minecraft:walk_on_water_one_cm":25517,"minecraft:total_world_time":114787,"minecraft:interact_with_furnace":8,"minecraft:time_since_rest":30143,"minecraft:damage_taken":8358,"minecraft:damage_dealt":6963,"minecraft:swim_one_cm":11801,"minecraft:fly_one_cm":326683,"minecraft:player_kills":1,"minecraft:open_chest":14,"minecraft:crouch_one_cm":44029,"minecraft:fall_one_cm":17084,"minecraft:inspect_dispenser":23},"minecraft:killed":{"minecraft:skeleton":9,"graveyard:acolyte":7,"minecraft:chicken":1,"minecraft:silverfish":2,"undead_revamp2:sucker":1,"minecraft:magma_cube":1,"minecraft:zombie":2,"alexsmobs:crow":1},"minecraft:used":{"minecraft:moss_block":2,"minecraft:dispenser":7,"minecraft:polished_blackstone":3,"minecraft:rotten_flesh":2,"minecraft:torch":1,"minecraft:mutton":8,"minecraft:dirt":8,"minecraft:wooden_axe":42,"minecraft:beef":8,"minecraft:skeleton_skull":1,"minecraft:cobbled_deepslate":7,"minecraft:pumpkin":1,"epicfight:skillbook":1,"minecraft:diorite":24,"minecraft:stone_pickaxe":100,"minecraft:wooden_pickaxe":12,"minecraft:polished_blackstone_bricks":2,"minecraft:crafting_table":5,"minecraft:lever":5,"iceandfire:armor_copper_metal_chestplate":1,"minecraft:cracked_polished_blackstone_bricks":3,"minecraft:chicken":1,"minecraft:bread":3,"minecraft:stone_axe":70,"minecraft:wooden_sword":183,"minecraft:cobblestone":18,"minecraft:coarse_dirt":2},"minecraft:crafted":{"minecraft:wooden_sword":4,"minecraft:lever":1,"minecraft:iron_axe":1,"minecraft:stone_pickaxe":1,"minecraft:dark_oak_planks":140,"minecraft:crafting_table":4,"minecraft:wooden_pickaxe":1,"minecraft:stone_axe":1,"minecraft:stick":20,"minecraft:iron_ingot":9,"minecraft:wooden_axe":1},"minecraft:dropped":{"minecraft:feather":1,"minecraft:cobblestone":1,"minecraft:amethyst_block":3,"minecraft:spruce_stairs":2,"minecraft:coal":3,"minecraft:stick":8,"minecraft:torch":3,"minecraft:iron_door":2,"minecraft:iron_leggings":1,"minecraft:bone_meal":5,"minecraft:polished_blackstone_bricks":5,"minecraft:armor_stand":1,"minecraft:gravel":18,"minecraft:coarse_dirt":6,"minecraft:rotten_flesh":3,"minecraft:wither_skeleton_skull":1,"minecraft:honey_bottle":1,"minecraft:leather_chestplate":1,"minecraft:stone":38,"minecraft:leather_boots":1,"minecraft:oak_sapling":4,"minecraft:spruce_slab":2,"minecraft:iron_bars":1,"minecraft:stripped_crimson_hyphae":2,"minecraft:wooden_pickaxe":1},"minecraft:mined":{"graveyard:tg_coarse_dirt":1,"minecraft:light_gray_stained_glass_pane":1,"minecraft:dark_oak_log":36,"minecraft:spruce_trapdoor":1,"minecraft:lever":2,"minecraft:stripped_crimson_hyphae":1,"minecraft:grass_block":1,"minecraft:jungle_planks":1,"graveyard:tg_deepslate":5,"minecraft:cracked_polished_blackstone_bricks":3,"minecraft:redstone_wire":5,"minecraft:soul_campfire":1,"minecraft:moss_block":3,"minecraft:spawner":4,"minecraft:large_fern":3,"graveyard:wither_skull_with_rib_cage":1,"minecraft:polished_blackstone_bricks":3,"graveyard:tg_moss_block":1,"minecraft:cobbled_deepslate":6,"graveyard:leaning_wither_skeleton":1,"minecraft:pumpkin":1,"minecraft:iron_bars":2,"minecraft:stone":25,"minecraft:iron_block":1,"minecraft:tripwire":2,"minecraft:crafting_table":1,"minecraft:white_stained_glass_pane":1,"minecraft:cobblestone":1,"graveyard:lying_skeleton":1,"minecraft:iron_door":1,"minecraft:wall_torch":1,"minecraft:coarse_dirt":4,"graveyard:skull_with_rib_cage":1,"graveyard:vase_block":1,"graveyard:wither_skeleton_hand":1,"graveyard:skull_pile":1,"minecraft:grass":21,"graveyard:creeper_skeleton":1,"minecraft:dirt":10,"graveyard:leaning_skeleton":2,"minecraft:smooth_quartz":1,"minecraft:dispenser":6,"minecraft:polished_blackstone":4,"minecraft:oak_leaves":1,"minecraft:infested_stone":1},"minecraft:picked_up":{"minecraft:crafting_table":1,"minecraft:iron_chestplate":3,"minecraft:coarse_dirt":10,"minecraft:chicken":1,"minecraft:leather_leggings":1,"iceandfire:armor_copper_metal_chestplate":1,"minecraft:string":2,"minecraft:iron_leggings":1,"minecraft:armor_stand":2,"graveyard:corruption":4,"minecraft:cobbled_deepslate":7,"minecraft:spruce_slab":2,"minecraft:smooth_quartz":2,"minecraft:iron_boots":1,"minecraft:stripped_crimson_hyphae":3,"minecraft:stick":11,"minecraft:stone":19,"minecraft:copper_ingot":7,"minecraft:torch":4,"minecraft:spruce_stairs":2,"minecraft:polished_blackstone_bricks":4,"minecraft:diorite":43,"iceandfire:armor_copper_metal_boots":1,"minecraft:redstone":4,"minecraft:tnt":1,"minecraft:arrow":5,"minecraft:honey_bottle":1,"minecraft:rotten_flesh":6,"minecraft:iron_block":1,"minecraft:polished_blackstone":3,"minecraft:iron_bars":1,"minecraft:skeleton_skull":1,"minecraft:cobblestone":43,"minecraft:leather_chestplate":1,"minecraft:feather":1,"minecraft:magma_cream":10,"minecraft:iron_door":2,"minecraft:flint":2,"minecraft:wither_skeleton_skull":2,"minecraft:dirt":8,"minecraft:leather_boots":1,"minecraft:bone":25,"minecraft:wheat_seeds":1,"minecraft:moss_block":2,"minecraft:pumpkin":1,"minecraft:gravel":18,"minecraft:dark_oak_log":35,"minecraft:light_gray_concrete":3,"minecraft:dispenser":7,"minecraft:slime_block":1,"minecraft:lever":6,"minecraft:cracked_polished_blackstone_bricks":3,"minecraft:oak_sapling":4},"minecraft:broken":{"minecraft:wooden_sword":2,"minecraft:stone_axe":1,"minecraft:wooden_axe":1}},"DataVersion":2975}