{"stats":{"minecraft:killed":{"graveyard:acolyte":5,"minecraft:zombie":2,"minecraft:chicken":1,"minecraft:silverfish":2,"alexsmobs:crow":1},"minecraft:killed_by":{"minecraft:player":1,"undead_revamp2:the_moonflower":1,"undead_revamp2:thesmoker":2,"graveyard:acolyte":13},"minecraft:dropped":{"minecraft:iron_bars":1,"minecraft:armor_stand":1},"minecraft:crafted":{"minecraft:crafting_table":2,"minecraft:wooden_pickaxe":1,"minecraft:stone_axe":1,"minecraft:iron_axe":1,"minecraft:stick":12,"minecraft:iron_ingot":9,"minecraft:stone_pickaxe":1,"minecraft:wooden_axe":1,"minecraft:dark_oak_planks":52},"minecraft:mined":{"graveyard:tg_coarse_dirt":1,"minecraft:light_gray_stained_glass_pane":1,"minecraft:dark_oak_log":36,"minecraft:crafting_table":1,"minecraft:spruce_trapdoor":1,"minecraft:grass_block":1,"graveyard:tg_deepslate":5,"minecraft:cracked_polished_blackstone_bricks":3,"minecraft:white_stained_glass_pane":1,"minecraft:redstone_wire":5,"graveyard:lying_skeleton":1,"minecraft:moss_block":2,"minecraft:iron_door":1,"graveyard:wither_skull_with_rib_cage":1,"minecraft:polished_blackstone_bricks":1,"minecraft:coarse_dirt":4,"graveyard:wither_skeleton_hand":1,"graveyard:vase_block":1,"graveyard:skull_with_rib_cage":1,"graveyard:tg_moss_block":1,"minecraft:cobbled_deepslate":6,"graveyard:leaning_wither_skeleton":1,"minecraft:pumpkin":1,"graveyard:skull_pile":1,"minecraft:grass":9,"graveyard:creeper_skeleton":1,"minecraft:iron_bars":1,"graveyard:leaning_skeleton":2,"minecraft:dirt":9,"minecraft:polished_blackstone":4,"minecraft:stone":23,"minecraft:iron_block":1,"minecraft:oak_leaves":1,"minecraft:infested_stone":1},"minecraft:picked_up":{"minecraft:coarse_dirt":4,"minecraft:crafting_table":1,"minecraft:leather_chestplate":1,"minecraft:feather":1,"minecraft:magma_cream":10,"minecraft:chicken":1,"minecraft:iron_door":1,"minecraft:leather_leggings":1,"minecraft:wither_skeleton_skull":1,"minecraft:dirt":8,"minecraft:iron_leggings":1,"minecraft:leather_boots":1,"minecraft:armor_stand":2,"minecraft:bone":20,"graveyard:corruption":3,"minecraft:wheat_seeds":1,"minecraft:cobbled_deepslate":7,"minecraft:moss_block":1,"minecraft:pumpkin":1,"minecraft:spruce_stairs":1,"minecraft:polished_blackstone_bricks":1,"minecraft:redstone":4,"minecraft:dark_oak_log":35,"minecraft:rotten_flesh":2,"minecraft:slime_block":1,"minecraft:lever":1,"minecraft:cracked_polished_blackstone_bricks":3,"minecraft:iron_block":1,"minecraft:polished_blackstone":3,"minecraft:oak_sapling":1,"minecraft:iron_bars":1,"minecraft:skeleton_skull":1,"minecraft:cobblestone":14},"minecraft:broken":{"minecraft:wooden_axe":1},"minecraft:custom":{"minecraft:interact_with_furnace":2,"minecraft:mob_kills":12,"minecraft:interact_with_crafting_table":7,"minecraft:open_barrel":17,"minecraft:time_since_death":1154,"minecraft:climb_one_cm":2494,"minecraft:time_since_rest":1183,"champions:champion_mobs_killed":9,"minecraft:sprint_one_cm":111829,"minecraft:damage_taken":4932,"minecraft:walk_one_cm":217920,"minecraft:drop":2,"minecraft:damage_dealt":4187,"minecraft:swim_one_cm":847,"minecraft:fly_one_cm":135713,"minecraft:crouch_one_cm":8836,"minecraft:play_time":49867,"minecraft:deaths":17,"minecraft:sneak_time":1991,"minecraft:walk_under_water_one_cm":891,"minecraft:jump":334,"minecraft:walk_on_water_one_cm":4772,"minecraft:total_world_time":49867,"minecraft:fall_one_cm":7635},"minecraft:used":{"minecraft:polished_blackstone":3,"minecraft:stone_pickaxe":62,"minecraft:wooden_pickaxe":12,"minecraft:dirt":8,"minecraft:crafting_table":3,"minecraft:wooden_axe":42,"minecraft:stone_axe":61,"minecraft:skeleton_skull":1,"minecraft:cobbled_deepslate":7,"minecraft:coarse_dirt":2,"minecraft:pumpkin":1}},"DataVersion":2975}