{"stats":{"minecraft:killed":{"minecraft:zombie":2,"minecraft:chicken":1,"minecraft:silverfish":2,"alexsmobs:crow":1},"minecraft:killed_by":{"minecraft:player":1,"undead_revamp2:the_moonflower":1,"undead_revamp2:thesmoker":2,"graveyard:acolyte":2},"minecraft:dropped":{"minecraft:iron_bars":1},"minecraft:crafted":{"minecraft:crafting_table":1,"minecraft:wooden_pickaxe":1,"minecraft:stick":8,"minecraft:iron_ingot":9,"minecraft:stone_pickaxe":1,"minecraft:wooden_axe":1,"minecraft:dark_oak_planks":52},"minecraft:mined":{"graveyard:tg_coarse_dirt":1,"minecraft:light_gray_stained_glass_pane":1,"minecraft:dark_oak_log":36,"minecraft:crafting_table":1,"minecraft:grass_block":1,"minecraft:white_stained_glass_pane":1,"minecraft:redstone_wire":1,"minecraft:moss_block":2,"minecraft:iron_door":1,"graveyard:wither_skull_with_rib_cage":1,"minecraft:coarse_dirt":4,"graveyard:wither_skeleton_hand":1,"graveyard:vase_block":1,"graveyard:skull_with_rib_cage":1,"graveyard:tg_moss_block":1,"graveyard:leaning_wither_skeleton":1,"minecraft:pumpkin":1,"minecraft:grass":9,"minecraft:iron_bars":1,"graveyard:leaning_skeleton":1,"minecraft:dirt":9,"minecraft:stone":4,"minecraft:iron_block":1,"minecraft:oak_leaves":1,"minecraft:infested_stone":1},"minecraft:picked_up":{"minecraft:coarse_dirt":4,"minecraft:crafting_table":1,"minecraft:leather_chestplate":1,"minecraft:feather":1,"minecraft:chicken":1,"minecraft:iron_door":1,"minecraft:leather_leggings":1,"minecraft:wither_skeleton_skull":1,"minecraft:dirt":8,"minecraft:leather_boots":1,"minecraft:armor_stand":1,"minecraft:bone":16,"minecraft:wheat_seeds":1,"minecraft:moss_block":1,"minecraft:pumpkin":1,"minecraft:spruce_stairs":1,"minecraft:redstone":1,"minecraft:dark_oak_log":35,"minecraft:rotten_flesh":2,"minecraft:iron_block":1,"minecraft:oak_sapling":1,"minecraft:iron_bars":1,"minecraft:skeleton_skull":1,"minecraft:cobblestone":4},"minecraft:broken":{"minecraft:wooden_axe":1},"minecraft:custom":{"minecraft:interact_with_furnace":2,"minecraft:mob_kills":6,"minecraft:interact_with_crafting_table":3,"minecraft:open_barrel":10,"minecraft:time_since_death":564,"minecraft:climb_one_cm":912,"minecraft:time_since_rest":594,"champions:champion_mobs_killed":4,"minecraft:sprint_one_cm":108932,"minecraft:damage_taken":1904,"minecraft:walk_one_cm":142549,"minecraft:drop":1,"minecraft:damage_dealt":1395,"minecraft:swim_one_cm":847,"minecraft:fly_one_cm":132670,"minecraft:crouch_one_cm":6157,"minecraft:play_time":37867,"minecraft:deaths":6,"minecraft:sneak_time":1185,"minecraft:walk_under_water_one_cm":891,"minecraft:jump":254,"minecraft:walk_on_water_one_cm":4772,"minecraft:total_world_time":37867,"minecraft:fall_one_cm":7426},"minecraft:used":{"minecraft:stone_pickaxe":18,"minecraft:wooden_pickaxe":12,"minecraft:dirt":7,"minecraft:crafting_table":2,"minecraft:wooden_axe":42,"minecraft:skeleton_skull":1,"minecraft:coarse_dirt":2}},"DataVersion":2975}