{"stats":{"minecraft:killed":{"undead_revamp2:theswarmer":1,"minecraft:skeleton":7,"graveyard:acolyte":6,"minecraft:bee":2,"minecraft:magma_cube":5,"minecraft:husk":1,"minecraft:zombie":2},"minecraft:killed_by":{"graveyard:acolyte":14,"minecraft:bee":1,"minecraft:skeleton":5,"minecraft:zombie":3},"minecraft:dropped":{"minecraft:moss_block":1,"minecraft:polished_blackstone":4,"iceandfire:armor_copper_metal_chestplate":2,"minecraft:iron_helmet":1,"graveyard:bone_dagger":2,"graveyard:small_brown_urn":1,"minecraft:cracked_polished_blackstone_bricks":4,"iceandfire:armor_copper_metal_boots":1,"minecraft:iron_leggings":1,"minecraft:bone_meal":31,"minecraft:polished_blackstone_bricks":19,"minecraft:dark_oak_door":2,"minecraft:coarse_dirt":1,"minecraft:stone_sword":1,"minecraft:iron_boots":1,"iceandfire:armor_copper_metal_helmet":1,"minecraft:leather_chestplate":1,"minecraft:leather_boots":2,"minecraft:oak_sapling":1,"minecraft:leather_leggings":1},"minecraft:crafted":{"minecraft:wooden_sword":1,"minecraft:oak_planks":40,"minecraft:furnace":1,"iceandfire:armor_copper_metal_leggings":1,"minecraft:bone_meal":18,"iceandfire:armor_copper_metal_boots":2,"iceandfire:armor_copper_metal_helmet":2,"minecraft:stone_pickaxe":2,"iceandfire:armor_copper_metal_chestplate":3,"minecraft:dark_oak_planks":4,"minecraft:crafting_table":1,"minecraft:wooden_pickaxe":1,"minecraft:copper_ingot":52,"minecraft:bucket":1,"minecraft:stone_axe":1,"minecraft:air":0,"minecraft:stick":24,"minecraft:iron_ingot":2,"minecraft:stone_sword":4,"minecraft:torch":16},"minecraft:mined":{"graveyard:tg_coarse_dirt":1,"minecraft:light_gray_stained_glass_pane":1,"graveyard:small_black_urn":1,"graveyard:gray_urn":1,"minecraft:dark_oak_log":1,"minecraft:lever":1,"minecraft:ladder":2,"minecraft:cobbled_deepslate_slab":7,"minecraft:grass_block":3,"minecraft:jungle_planks":2,"minecraft:cracked_polished_blackstone_bricks":6,"minecraft:moss_block":2,"minecraft:spawner":3,"minecraft:polished_blackstone_bricks":19,"minecraft:furnace":7,"graveyard:tg_moss_block":1,"minecraft:iron_ore":5,"minecraft:cobbled_deepslate":1,"minecraft:bookshelf":5,"minecraft:polished_deepslate_slab":7,"graveyard:small_brown_urn":1,"minecraft:stone":77,"minecraft:spruce_slab":1,"minecraft:tripwire":3,"minecraft:crafting_table":9,"minecraft:torch":1,"minecraft:white_stained_glass_pane":1,"minecraft:copper_ore":29,"minecraft:cobblestone":3,"minecraft:slime_block":1,"minecraft:diorite":6,"minecraft:wall_torch":9,"minecraft:skeleton_skull":1,"minecraft:coarse_dirt":1,"graveyard:vase_block":1,"graveyard:skull_pile":1,"minecraft:grass":3,"graveyard:creeper_skeleton":1,"minecraft:coal_ore":26,"minecraft:oak_log":10,"minecraft:dirt":10,"graveyard:leaning_skeleton":1,"minecraft:cobweb":13,"minecraft:polished_blackstone":4,"minecraft:iron_trapdoor":1,"minecraft:fern":1},"minecraft:picked_up":{"minecraft:coarse_dirt":4,"minecraft:crafting_table":9,"minecraft:ladder":1,"minecraft:wooden_pickaxe":1,"minecraft:enchanted_book":2,"minecraft:string":15,"minecraft:raw_copper":92,"minecraft:iron_leggings":1,"graveyard:corruption":9,"graveyard:small_black_urn":1,"minecraft:cobbled_deepslate":3,"minecraft:spruce_slab":3,"minecraft:spruce_trapdoor":1,"minecraft:furnace":6,"minecraft:dark_oak_door":2,"minecraft:polished_deepslate_slab":7,"minecraft:raw_iron":5,"minecraft:copper_ingot":1,"minecraft:torch":12,"minecraft:polished_blackstone_bricks":19,"minecraft:diorite":6,"minecraft:redstone":7,"minecraft:arrow":7,"minecraft:rotten_flesh":6,"graveyard:small_brown_urn":1,"graveyard:gray_urn":1,"minecraft:polished_blackstone":4,"minecraft:skeleton_skull":1,"minecraft:cobblestone":75,"minecraft:leather_chestplate":1,"minecraft:feather":1,"minecraft:cooked_beef":2,"minecraft:chiseled_quartz_block":3,"minecraft:oak_log":10,"minecraft:nether_wart_block":5,"minecraft:dirt":19,"minecraft:leather_boots":1,"minecraft:bone":28,"minecraft:wheat_seeds":1,"minecraft:cobbled_deepslate_slab":7,"minecraft:moss_block":4,"minecraft:book":15,"graveyard:bone_dagger":3,"minecraft:jungle_planks":3,"minecraft:dark_oak_log":1,"undead_revamp2:rawbostrox":3,"minecraft:light_gray_concrete":15,"minecraft:soul_lantern":1,"minecraft:iron_helmet":1,"minecraft:cracked_polished_blackstone_bricks":4,"minecraft:bone_meal":1,"minecraft:oak_sapling":1,"minecraft:coal":74,"minecraft:crimson_roots":5},"minecraft:broken":{"minecraft:stone_sword":1,"minecraft:stone_pickaxe":1,"minecraft:wooden_sword":1},"minecraft:custom":{"minecraft:mob_kills":25,"minecraft:interact_with_crafting_table":36,"minecraft:open_barrel":6,"minecraft:leave_game":3,"minecraft:time_since_death":1793,"minecraft:climb_one_cm":5449,"champions:champion_mobs_killed":22,"minecraft:sprint_one_cm":326596,"minecraft:walk_one_cm":384615,"minecraft:drop":23,"minecraft:talked_to_villager":1,"minecraft:play_time":95178,"minecraft:deaths":23,"minecraft:sneak_time":10383,"minecraft:walk_under_water_one_cm":6514,"minecraft:jump":1004,"minecraft:walk_on_water_one_cm":10004,"minecraft:total_world_time":95178,"minecraft:interact_with_furnace":62,"minecraft:time_since_rest":1831,"minecraft:damage_taken":7554,"minecraft:damage_dealt":6314,"minecraft:swim_one_cm":2322,"minecraft:fly_one_cm":304888,"minecraft:player_kills":1,"minecraft:open_chest":7,"minecraft:crouch_one_cm":73977,"minecraft:fall_one_cm":13661},"minecraft:used":{"minecraft:moss_block":2,"minecraft:stone_sword":140,"minecraft:spruce_slab":3,"minecraft:ladder":1,"minecraft:rotten_flesh":34,"minecraft:torch":20,"minecraft:dirt":21,"minecraft:jungle_planks":3,"minecraft:dark_oak_planks":3,"graveyard:gray_urn":2,"minecraft:golden_carrot":2,"minecraft:furnace":6,"minecraft:water_bucket":2,"minecraft:diorite":6,"minecraft:stone_pickaxe":206,"minecraft:oak_planks":9,"minecraft:wooden_pickaxe":9,"minecraft:leather_boots":1,"graveyard:bone_dagger":2,"minecraft:polished_deepslate_slab":6,"minecraft:crafting_table":10,"minecraft:black_bed":1,"minecraft:light_gray_concrete":7,"minecraft:string":1,"minecraft:spruce_trapdoor":1,"minecraft:stone_axe":23,"minecraft:nether_wart_block":5,"minecraft:wooden_sword":61,"minecraft:cobblestone":18,"minecraft:cobbled_deepslate_slab":5,"minecraft:bucket":3,"minecraft:coarse_dirt":3,"minecraft:cobweb":7}},"DataVersion":2975}