{"stats":{"minecraft:killed":{"minecraft:skeleton":7,"graveyard:acolyte":6,"minecraft:magma_cube":5,"minecraft:husk":1,"minecraft:zombie":2},"minecraft:killed_by":{"graveyard:acolyte":14,"minecraft:skeleton":5,"minecraft:zombie":3},"minecraft:dropped":{"minecraft:moss_block":1,"minecraft:polished_blackstone":4,"iceandfire:armor_copper_metal_chestplate":1,"minecraft:iron_helmet":1,"graveyard:bone_dagger":2,"graveyard:small_brown_urn":1,"minecraft:cracked_polished_blackstone_bricks":4,"minecraft:iron_leggings":1,"minecraft:bone_meal":31,"minecraft:polished_blackstone_bricks":19,"minecraft:dark_oak_door":2,"minecraft:coarse_dirt":1,"minecraft:stone_sword":1,"minecraft:iron_boots":1,"minecraft:oak_sapling":1},"minecraft:crafted":{"minecraft:wooden_sword":1,"minecraft:oak_planks":40,"minecraft:furnace":1,"minecraft:bone_meal":18,"iceandfire:armor_copper_metal_boots":1,"iceandfire:armor_copper_metal_helmet":1,"minecraft:stone_pickaxe":2,"iceandfire:armor_copper_metal_chestplate":2,"minecraft:dark_oak_planks":4,"minecraft:crafting_table":1,"minecraft:wooden_pickaxe":1,"minecraft:copper_ingot":31,"minecraft:bucket":1,"minecraft:stone_axe":1,"minecraft:air":0,"minecraft:stick":24,"minecraft:iron_ingot":2,"minecraft:stone_sword":4,"minecraft:torch":16},"minecraft:mined":{"graveyard:tg_coarse_dirt":1,"minecraft:light_gray_stained_glass_pane":1,"graveyard:small_black_urn":1,"graveyard:gray_urn":1,"minecraft:dark_oak_log":1,"minecraft:lever":1,"minecraft:ladder":2,"minecraft:cobbled_deepslate_slab":7,"minecraft:grass_block":3,"minecraft:jungle_planks":2,"minecraft:cracked_polished_blackstone_bricks":6,"minecraft:moss_block":2,"minecraft:spawner":3,"minecraft:polished_blackstone_bricks":19,"minecraft:furnace":4,"graveyard:tg_moss_block":1,"minecraft:iron_ore":5,"minecraft:cobbled_deepslate":1,"minecraft:bookshelf":5,"minecraft:polished_deepslate_slab":7,"graveyard:small_brown_urn":1,"minecraft:stone":50,"minecraft:spruce_slab":1,"minecraft:tripwire":3,"minecraft:crafting_table":7,"minecraft:torch":1,"minecraft:white_stained_glass_pane":1,"minecraft:copper_ore":14,"minecraft:cobblestone":1,"minecraft:slime_block":1,"minecraft:diorite":6,"minecraft:wall_torch":6,"minecraft:skeleton_skull":1,"minecraft:coarse_dirt":1,"graveyard:vase_block":1,"graveyard:skull_pile":1,"minecraft:grass":3,"graveyard:creeper_skeleton":1,"minecraft:coal_ore":26,"minecraft:oak_log":10,"minecraft:dirt":10,"graveyard:leaning_skeleton":1,"minecraft:cobweb":6,"minecraft:polished_blackstone":4,"minecraft:iron_trapdoor":1,"minecraft:fern":1},"minecraft:picked_up":{"minecraft:coarse_dirt":4,"minecraft:crafting_table":7,"minecraft:ladder":1,"minecraft:wooden_pickaxe":1,"minecraft:enchanted_book":2,"minecraft:string":8,"minecraft:raw_copper":39,"minecraft:iron_leggings":1,"graveyard:corruption":9,"graveyard:small_black_urn":1,"minecraft:cobbled_deepslate":3,"minecraft:spruce_slab":3,"minecraft:spruce_trapdoor":1,"minecraft:furnace":3,"minecraft:dark_oak_door":2,"minecraft:polished_deepslate_slab":7,"minecraft:raw_iron":5,"minecraft:torch":7,"minecraft:polished_blackstone_bricks":19,"minecraft:diorite":6,"minecraft:redstone":7,"minecraft:arrow":7,"minecraft:rotten_flesh":6,"graveyard:small_brown_urn":1,"graveyard:gray_urn":1,"minecraft:polished_blackstone":4,"minecraft:skeleton_skull":1,"minecraft:cobblestone":45,"minecraft:feather":1,"minecraft:chiseled_quartz_block":3,"minecraft:oak_log":10,"minecraft:nether_wart_block":5,"minecraft:dirt":19,"minecraft:bone":28,"minecraft:wheat_seeds":1,"minecraft:cobbled_deepslate_slab":7,"minecraft:moss_block":4,"minecraft:book":15,"graveyard:bone_dagger":3,"minecraft:jungle_planks":3,"minecraft:dark_oak_log":1,"undead_revamp2:rawbostrox":3,"minecraft:light_gray_concrete":15,"minecraft:soul_lantern":1,"minecraft:iron_helmet":1,"minecraft:cracked_polished_blackstone_bricks":4,"minecraft:bone_meal":1,"minecraft:oak_sapling":1,"minecraft:coal":28,"minecraft:crimson_roots":5},"minecraft:broken":{"minecraft:stone_sword":1,"minecraft:stone_pickaxe":1,"minecraft:wooden_sword":1},"minecraft:custom":{"minecraft:mob_kills":23,"minecraft:interact_with_crafting_table":26,"minecraft:open_barrel":6,"minecraft:leave_game":3,"minecraft:time_since_death":16156,"minecraft:climb_one_cm":5449,"champions:champion_mobs_killed":21,"minecraft:sprint_one_cm":299934,"minecraft:walk_one_cm":347183,"minecraft:drop":16,"minecraft:talked_to_villager":1,"minecraft:play_time":83178,"minecraft:deaths":22,"minecraft:sneak_time":9264,"minecraft:walk_under_water_one_cm":2548,"minecraft:jump":861,"minecraft:walk_on_water_one_cm":849,"minecraft:total_world_time":83178,"minecraft:interact_with_furnace":37,"minecraft:time_since_rest":16188,"minecraft:damage_taken":7124,"minecraft:damage_dealt":6029,"minecraft:fly_one_cm":278682,"minecraft:player_kills":1,"minecraft:open_chest":7,"minecraft:crouch_one_cm":67796,"minecraft:fall_one_cm":11820},"minecraft:used":{"minecraft:moss_block":2,"minecraft:stone_sword":125,"minecraft:spruce_slab":3,"minecraft:ladder":1,"minecraft:rotten_flesh":20,"minecraft:torch":15,"minecraft:dirt":21,"minecraft:jungle_planks":3,"minecraft:dark_oak_planks":3,"graveyard:gray_urn":2,"minecraft:golden_carrot":2,"minecraft:furnace":4,"minecraft:diorite":6,"minecraft:stone_pickaxe":158,"minecraft:oak_planks":5,"minecraft:wooden_pickaxe":9,"minecraft:leather_boots":1,"graveyard:bone_dagger":2,"minecraft:polished_deepslate_slab":6,"minecraft:crafting_table":8,"minecraft:black_bed":1,"minecraft:light_gray_concrete":7,"minecraft:string":1,"minecraft:spruce_trapdoor":1,"minecraft:stone_axe":21,"minecraft:nether_wart_block":5,"minecraft:wooden_sword":61,"minecraft:cobblestone":12,"minecraft:cobbled_deepslate_slab":5,"minecraft:bucket":1,"minecraft:coarse_dirt":3,"minecraft:cobweb":7}},"DataVersion":2975}