{"stats":{"minecraft:killed":{"minecraft:skeleton":1},"minecraft:killed_by":{"minecraft:zombie":2},"minecraft:mined":{"minecraft:grass":3},"minecraft:picked_up":{"minecraft:rotten_flesh":3,"minecraft:wheat_seeds":1},"minecraft:custom":{"minecraft:jump":168,"champions:champion_mobs_killed":1,"minecraft:time_since_rest":20419,"minecraft:damage_taken":676,"minecraft:crouch_one_cm":4395,"minecraft:leave_game":3,"minecraft:play_time":23178,"minecraft:sprint_one_cm":46721,"minecraft:time_since_death":20245,"minecraft:walk_one_cm":61181,"minecraft:deaths":2,"minecraft:sneak_time":505,"minecraft:total_world_time":23178,"minecraft:mob_kills":2,"minecraft:fall_one_cm":3648,"minecraft:fly_one_cm":160682,"minecraft:player_kills":1,"minecraft:damage_dealt":215}},"DataVersion":2975}