{"stats":{"minecraft:killed_by":{"minecraft:zombie":2},"minecraft:custom":{"minecraft:jump":90,"minecraft:time_since_rest":9014,"minecraft:damage_dealt":10,"minecraft:deaths":2,"minecraft:leave_game":2,"minecraft:play_time":11773,"minecraft:sprint_one_cm":17968,"minecraft:damage_taken":616,"minecraft:time_since_death":8840,"minecraft:walk_one_cm":16409,"minecraft:sneak_time":95,"minecraft:total_world_time":11773,"minecraft:fall_one_cm":2185,"minecraft:fly_one_cm":131613,"minecraft:player_kills":1}},"DataVersion":2975}