{"stats":{"minecraft:killed":{"minecraft:husk":1,"minecraft:skeleton":1,"graveyard:acolyte":5,"minecraft:zombie":2},"minecraft:killed_by":{"minecraft:skeleton":1,"minecraft:zombie":3,"graveyard:acolyte":14},"minecraft:dropped":{"minecraft:dark_oak_door":2,"minecraft:moss_block":1,"minecraft:coarse_dirt":1,"minecraft:stone_sword":1,"minecraft:polished_blackstone":4,"minecraft:iron_helmet":1,"minecraft:iron_boots":1,"graveyard:bone_dagger":2,"minecraft:cracked_polished_blackstone_bricks":4,"graveyard:small_brown_urn":1,"minecraft:iron_leggings":1,"minecraft:bone_meal":31,"minecraft:polished_blackstone_bricks":19},"minecraft:crafted":{"minecraft:wooden_sword":1,"minecraft:oak_planks":40,"minecraft:crafting_table":1,"minecraft:wooden_pickaxe":1,"minecraft:furnace":1,"minecraft:bone_meal":18,"minecraft:stone_axe":1,"minecraft:stick":12,"minecraft:stone_pickaxe":1,"minecraft:stone_sword":2,"minecraft:dark_oak_planks":4,"minecraft:torch":8},"minecraft:mined":{"graveyard:tg_coarse_dirt":1,"minecraft:light_gray_stained_glass_pane":1,"graveyard:small_black_urn":1,"graveyard:gray_urn":1,"minecraft:dark_oak_log":1,"minecraft:ladder":2,"minecraft:crafting_table":4,"minecraft:lever":1,"minecraft:cobbled_deepslate_slab":7,"minecraft:jungle_planks":2,"minecraft:grass_block":3,"minecraft:cracked_polished_blackstone_bricks":6,"minecraft:white_stained_glass_pane":1,"minecraft:slime_block":1,"minecraft:moss_block":2,"minecraft:diorite":6,"minecraft:spawner":1,"minecraft:skeleton_skull":1,"minecraft:polished_blackstone_bricks":19,"minecraft:coarse_dirt":1,"graveyard:vase_block":1,"minecraft:furnace":1,"graveyard:tg_moss_block":1,"minecraft:iron_ore":5,"minecraft:cobbled_deepslate":1,"graveyard:skull_pile":1,"minecraft:grass":3,"minecraft:bookshelf":5,"graveyard:creeper_skeleton":1,"minecraft:oak_log":10,"minecraft:polished_deepslate_slab":7,"graveyard:leaning_skeleton":1,"minecraft:dirt":9,"graveyard:small_brown_urn":1,"minecraft:cobweb":6,"minecraft:polished_blackstone":4,"minecraft:stone":18,"minecraft:iron_trapdoor":1,"minecraft:fern":1},"minecraft:picked_up":{"minecraft:crafting_table":4,"minecraft:coarse_dirt":4,"minecraft:ladder":1,"minecraft:oak_log":10,"minecraft:nether_wart_block":5,"minecraft:dirt":17,"minecraft:string":5,"minecraft:iron_leggings":1,"minecraft:bone":24,"graveyard:corruption":8,"graveyard:small_black_urn":1,"minecraft:wheat_seeds":1,"minecraft:cobbled_deepslate":3,"minecraft:cobbled_deepslate_slab":7,"minecraft:moss_block":4,"minecraft:spruce_trapdoor":1,"minecraft:book":15,"minecraft:furnace":1,"minecraft:dark_oak_door":2,"minecraft:raw_iron":5,"minecraft:polished_deepslate_slab":7,"graveyard:bone_dagger":3,"minecraft:polished_blackstone_bricks":19,"minecraft:jungle_planks":3,"minecraft:diorite":6,"minecraft:redstone":7,"minecraft:dark_oak_log":1,"minecraft:rotten_flesh":6,"minecraft:soul_lantern":1,"graveyard:small_brown_urn":1,"minecraft:cracked_polished_blackstone_bricks":4,"minecraft:iron_helmet":1,"graveyard:gray_urn":1,"minecraft:bone_meal":1,"minecraft:polished_blackstone":4,"minecraft:skeleton_skull":1,"minecraft:crimson_roots":5,"minecraft:cobblestone":18},"minecraft:custom":{"minecraft:mob_kills":10,"minecraft:interact_with_crafting_table":10,"minecraft:open_barrel":6,"minecraft:leave_game":3,"minecraft:time_since_death":3508,"minecraft:climb_one_cm":3912,"minecraft:time_since_rest":3535,"minecraft:sprint_one_cm":208143,"champions:champion_mobs_killed":9,"minecraft:damage_taken":5399,"minecraft:walk_one_cm":254308,"minecraft:drop":14,"minecraft:damage_dealt":2867,"minecraft:talked_to_villager":1,"minecraft:fly_one_cm":252459,"minecraft:player_kills":1,"minecraft:crouch_one_cm":27978,"minecraft:play_time":59178,"minecraft:deaths":18,"minecraft:sneak_time":4129,"minecraft:jump":543,"minecraft:total_world_time":59178,"minecraft:fall_one_cm":10810},"minecraft:used":{"minecraft:moss_block":2,"minecraft:diorite":6,"minecraft:stone_sword":48,"minecraft:stone_pickaxe":78,"minecraft:ladder":1,"minecraft:oak_planks":4,"minecraft:wooden_pickaxe":9,"minecraft:leather_boots":1,"minecraft:rotten_flesh":5,"graveyard:bone_dagger":2,"minecraft:polished_deepslate_slab":6,"minecraft:torch":5,"minecraft:dirt":14,"minecraft:crafting_table":4,"minecraft:jungle_planks":1,"minecraft:dark_oak_planks":3,"graveyard:gray_urn":2,"minecraft:stone_axe":12,"minecraft:nether_wart_block":5,"minecraft:wooden_sword":5,"minecraft:cobbled_deepslate_slab":5,"minecraft:coarse_dirt":3}},"DataVersion":2975}