{"stats":{"minecraft:killed_by":{"undead_revamp2:the_moonflower":3,"graveyard:acolyte":14,"minecraft:bee":1,"minecraft:skeleton":5,"minecraft:zombie":4,"iceandfire:ghost":1},"minecraft:custom":{"minecraft:mob_kills":34,"minecraft:interact_with_crafting_table":42,"minecraft:open_barrel":7,"minecraft:leave_game":9,"minecraft:time_since_death":0,"minecraft:climb_one_cm":7605,"champions:champion_mobs_killed":31,"minecraft:sprint_one_cm":434572,"minecraft:walk_one_cm":443831,"minecraft:drop":25,"minecraft:talked_to_villager":1,"minecraft:play_time":115632,"minecraft:sneak_time":11047,"minecraft:deaths":28,"minecraft:walk_under_water_one_cm":13525,"minecraft:jump":1329,"minecraft:walk_on_water_one_cm":17863,"minecraft:total_world_time":115632,"minecraft:interact_with_furnace":81,"minecraft:sleep_in_bed":3,"minecraft:time_since_rest":839,"minecraft:damage_taken":9087,"minecraft:damage_dealt":7922,"minecraft:swim_one_cm":16323,"minecraft:fly_one_cm":397587,"minecraft:player_kills":2,"minecraft:open_chest":12,"minecraft:crouch_one_cm":76457,"minecraft:fall_one_cm":17812},"minecraft:killed":{"minecraft:spider":1,"undead_revamp2:theswarmer":1,"minecraft:skeleton":10,"graveyard:acolyte":6,"minecraft:bee":2,"minecraft:magma_cube":5,"minecraft:husk":2,"minecraft:zombie":6},"minecraft:used":{"minecraft:moss_block":2,"minecraft:stone_sword":177,"minecraft:spruce_slab":3,"minecraft:ladder":1,"minecraft:rotten_flesh":43,"minecraft:torch":23,"minecraft:dirt":29,"minecraft:jungle_planks":3,"minecraft:dark_oak_planks":3,"graveyard:gray_urn":2,"minecraft:golden_carrot":2,"minecraft:furnace":8,"minecraft:cooked_beef":2,"minecraft:water_bucket":2,"minecraft:diorite":6,"minecraft:stone_pickaxe":223,"minecraft:oak_planks":10,"minecraft:wooden_pickaxe":9,"minecraft:leather_boots":1,"graveyard:bone_dagger":2,"minecraft:polished_deepslate_slab":6,"minecraft:crafting_table":11,"minecraft:black_bed":2,"minecraft:light_gray_concrete":7,"minecraft:string":1,"minecraft:spruce_trapdoor":1,"minecraft:stone_axe":25,"minecraft:nether_wart_block":5,"minecraft:wooden_sword":61,"minecraft:cobblestone":26,"minecraft:cobbled_deepslate_slab":5,"minecraft:bucket":3,"minecraft:coarse_dirt":3,"minecraft:cobweb":7},"minecraft:crafted":{"minecraft:wooden_sword":1,"minecraft:oak_planks":40,"minecraft:stone_shovel":1,"minecraft:furnace":1,"iceandfire:armor_copper_metal_leggings":1,"minecraft:bone_meal":18,"iceandfire:armor_copper_metal_helmet":2,"iceandfire:armor_copper_metal_boots":2,"minecraft:stone_pickaxe":2,"iceandfire:armor_copper_metal_chestplate":3,"minecraft:dark_oak_planks":4,"minecraft:crafting_table":1,"minecraft:wooden_pickaxe":1,"minecraft:copper_ingot":81,"minecraft:bucket":1,"minecraft:stone_axe":1,"minecraft:air":0,"minecraft:stick":24,"minecraft:iron_ingot":2,"minecraft:stone_sword":4,"minecraft:gold_ingot":4,"minecraft:torch":16},"minecraft:dropped":{"minecraft:moss_block":1,"minecraft:polished_blackstone":4,"minecraft:dark_oak_sapling":1,"iceandfire:armor_copper_metal_chestplate":2,"minecraft:iron_helmet":1,"graveyard:bone_dagger":2,"minecraft:cracked_polished_blackstone_bricks":4,"graveyard:small_brown_urn":1,"iceandfire:armor_copper_metal_boots":1,"minecraft:iron_leggings":1,"minecraft:bone_meal":31,"minecraft:polished_blackstone_bricks":19,"minecraft:armor_stand":1,"minecraft:dark_oak_door":2,"minecraft:coarse_dirt":1,"minecraft:stone_sword":1,"minecraft:iron_boots":1,"iceandfire:armor_copper_metal_helmet":1,"minecraft:leather_chestplate":1,"minecraft:leather_boots":2,"minecraft:oak_sapling":1,"minecraft:leather_leggings":1},"minecraft:mined":{"graveyard:tg_coarse_dirt":1,"minecraft:light_gray_stained_glass_pane":1,"graveyard:small_black_urn":1,"minecraft:dark_oak_leaves":2,"graveyard:gray_urn":1,"minecraft:dark_oak_log":1,"minecraft:lever":1,"minecraft:ladder":2,"minecraft:cobbled_deepslate_slab":7,"minecraft:grass_block":5,"minecraft:jungle_planks":2,"minecraft:cracked_polished_blackstone_bricks":6,"minecraft:moss_block":2,"minecraft:spawner":4,"minecraft:polished_blackstone_bricks":19,"minecraft:furnace":10,"graveyard:tg_moss_block":1,"minecraft:iron_ore":7,"minecraft:cobbled_deepslate":1,"minecraft:bookshelf":5,"minecraft:polished_deepslate_slab":7,"graveyard:small_brown_urn":1,"minecraft:stone":82,"minecraft:spruce_slab":1,"minecraft:tripwire":3,"minecraft:crafting_table":11,"minecraft:torch":1,"minecraft:white_stained_glass_pane":1,"minecraft:copper_ore":29,"minecraft:cobblestone":4,"minecraft:slime_block":1,"minecraft:oak_planks":2,"minecraft:diorite":6,"minecraft:wall_torch":9,"minecraft:skeleton_skull":1,"minecraft:coarse_dirt":1,"graveyard:vase_block":1,"minecraft:black_bed":2,"graveyard:skull_pile":1,"minecraft:grass":5,"graveyard:creeper_skeleton":1,"minecraft:oak_log":10,"minecraft:coal_ore":26,"graveyard:leaning_skeleton":1,"minecraft:dirt":16,"minecraft:cobweb":13,"minecraft:polished_blackstone":4,"minecraft:oak_leaves":1,"minecraft:iron_trapdoor":1,"minecraft:fern":1},"minecraft:picked_up":{"minecraft:crafting_table":11,"minecraft:coarse_dirt":4,"minecraft:ladder":1,"minecraft:wooden_pickaxe":1,"minecraft:enchanted_book":2,"minecraft:string":15,"minecraft:raw_copper":92,"minecraft:iron_leggings":1,"graveyard:corruption":9,"graveyard:small_black_urn":1,"minecraft:cobbled_deepslate":3,"minecraft:spruce_slab":3,"minecraft:spruce_trapdoor":1,"minecraft:furnace":9,"minecraft:dark_oak_door":2,"minecraft:dark_oak_sapling":1,"minecraft:raw_iron":7,"minecraft:polished_deepslate_slab":7,"minecraft:copper_ingot":1,"minecraft:torch":12,"minecraft:polished_blackstone_bricks":19,"minecraft:diorite":6,"minecraft:redstone":7,"minecraft:arrow":9,"minecraft:honey_bottle":1,"minecraft:rotten_flesh":10,"graveyard:small_brown_urn":1,"graveyard:gray_urn":1,"minecraft:polished_blackstone":4,"minecraft:skeleton_skull":1,"minecraft:cobblestone":81,"minecraft:leather_chestplate":1,"minecraft:feather":1,"minecraft:cooked_beef":2,"minecraft:black_bed":2,"minecraft:chiseled_quartz_block":3,"minecraft:oak_log":10,"minecraft:nether_wart_block":5,"minecraft:wither_skeleton_skull":1,"minecraft:dirt":27,"minecraft:leather_boots":1,"minecraft:bone":31,"minecraft:wheat_seeds":1,"minecraft:cobbled_deepslate_slab":7,"minecraft:moss_block":4,"minecraft:oak_planks":2,"minecraft:book":15,"graveyard:bone_dagger":3,"minecraft:gravel":6,"minecraft:jungle_planks":3,"minecraft:dark_oak_log":1,"minecraft:spider_eye":1,"undead_revamp2:rawbostrox":3,"minecraft:light_gray_concrete":15,"minecraft:soul_lantern":1,"minecraft:cracked_polished_blackstone_bricks":4,"minecraft:iron_helmet":1,"minecraft:bone_meal":6,"minecraft:oak_sapling":1,"minecraft:coal":90,"minecraft:crimson_roots":5},"minecraft:broken":{"minecraft:stone_sword":1,"minecraft:stone_pickaxe":1,"minecraft:wooden_sword":1}},"DataVersion":2975}