{"stats":{"minecraft:killed":{"minecraft:magma_cube":4,"minecraft:husk":1,"minecraft:skeleton":5,"graveyard:acolyte":6,"minecraft:zombie":2},"minecraft:killed_by":{"minecraft:skeleton":5,"minecraft:zombie":3,"graveyard:acolyte":14},"minecraft:dropped":{"minecraft:dark_oak_door":2,"minecraft:moss_block":1,"minecraft:coarse_dirt":1,"minecraft:stone_sword":1,"minecraft:polished_blackstone":4,"minecraft:iron_helmet":1,"minecraft:iron_boots":1,"graveyard:bone_dagger":2,"minecraft:cracked_polished_blackstone_bricks":4,"graveyard:small_brown_urn":1,"minecraft:oak_sapling":1,"minecraft:iron_leggings":1,"minecraft:bone_meal":31,"minecraft:polished_blackstone_bricks":19},"minecraft:crafted":{"minecraft:wooden_sword":1,"minecraft:oak_planks":40,"minecraft:crafting_table":1,"minecraft:wooden_pickaxe":1,"minecraft:furnace":1,"minecraft:bone_meal":18,"minecraft:stone_axe":1,"minecraft:stick":12,"minecraft:stone_pickaxe":1,"minecraft:stone_sword":2,"minecraft:dark_oak_planks":4,"minecraft:torch":8},"minecraft:mined":{"graveyard:tg_coarse_dirt":1,"minecraft:light_gray_stained_glass_pane":1,"graveyard:small_black_urn":1,"graveyard:gray_urn":1,"minecraft:dark_oak_log":1,"minecraft:ladder":2,"minecraft:crafting_table":4,"minecraft:lever":1,"minecraft:cobbled_deepslate_slab":7,"minecraft:jungle_planks":2,"minecraft:grass_block":3,"minecraft:cracked_polished_blackstone_bricks":6,"minecraft:white_stained_glass_pane":1,"minecraft:slime_block":1,"minecraft:moss_block":2,"minecraft:diorite":6,"minecraft:spawner":3,"minecraft:skeleton_skull":1,"minecraft:polished_blackstone_bricks":19,"minecraft:coarse_dirt":1,"graveyard:vase_block":1,"minecraft:furnace":2,"graveyard:tg_moss_block":1,"minecraft:iron_ore":5,"minecraft:cobbled_deepslate":1,"graveyard:skull_pile":1,"minecraft:grass":3,"minecraft:bookshelf":5,"graveyard:creeper_skeleton":1,"minecraft:oak_log":10,"minecraft:polished_deepslate_slab":7,"graveyard:leaning_skeleton":1,"minecraft:dirt":10,"graveyard:small_brown_urn":1,"minecraft:cobweb":6,"minecraft:polished_blackstone":4,"minecraft:stone":18,"minecraft:spruce_slab":1,"minecraft:iron_trapdoor":1,"minecraft:tripwire":3,"minecraft:fern":1},"minecraft:picked_up":{"minecraft:crafting_table":4,"minecraft:coarse_dirt":4,"minecraft:feather":1,"minecraft:ladder":1,"minecraft:wooden_pickaxe":1,"minecraft:chiseled_quartz_block":3,"minecraft:enchanted_book":2,"minecraft:oak_log":10,"minecraft:nether_wart_block":5,"minecraft:dirt":19,"minecraft:string":8,"minecraft:iron_leggings":1,"minecraft:bone":28,"graveyard:corruption":9,"graveyard:small_black_urn":1,"minecraft:wheat_seeds":1,"minecraft:cobbled_deepslate":3,"minecraft:cobbled_deepslate_slab":7,"minecraft:spruce_slab":3,"minecraft:moss_block":4,"minecraft:spruce_trapdoor":1,"minecraft:book":15,"minecraft:furnace":2,"minecraft:dark_oak_door":2,"minecraft:raw_iron":5,"minecraft:polished_deepslate_slab":7,"graveyard:bone_dagger":3,"minecraft:polished_blackstone_bricks":19,"minecraft:jungle_planks":3,"minecraft:diorite":6,"minecraft:redstone":7,"minecraft:dark_oak_log":1,"minecraft:arrow":5,"minecraft:light_gray_concrete":15,"minecraft:rotten_flesh":6,"minecraft:soul_lantern":1,"graveyard:small_brown_urn":1,"minecraft:cracked_polished_blackstone_bricks":4,"minecraft:iron_helmet":1,"graveyard:gray_urn":1,"minecraft:bone_meal":1,"minecraft:polished_blackstone":4,"minecraft:oak_sapling":1,"minecraft:skeleton_skull":1,"minecraft:crimson_roots":5,"minecraft:cobblestone":18},"minecraft:broken":{"minecraft:stone_sword":1},"minecraft:custom":{"minecraft:mob_kills":20,"minecraft:interact_with_crafting_table":10,"minecraft:open_barrel":6,"minecraft:leave_game":3,"minecraft:time_since_death":4156,"minecraft:climb_one_cm":5400,"minecraft:time_since_rest":4188,"minecraft:sprint_one_cm":263757,"champions:champion_mobs_killed":18,"minecraft:damage_taken":6985,"minecraft:walk_one_cm":307894,"minecraft:drop":15,"minecraft:damage_dealt":5662,"minecraft:talked_to_villager":1,"minecraft:fly_one_cm":259139,"minecraft:player_kills":1,"minecraft:open_chest":5,"minecraft:crouch_one_cm":59407,"minecraft:play_time":71178,"minecraft:deaths":22,"minecraft:sneak_time":7886,"minecraft:jump":665,"minecraft:total_world_time":71178,"minecraft:fall_one_cm":11079},"minecraft:used":{"minecraft:moss_block":2,"minecraft:diorite":6,"minecraft:stone_sword":125,"minecraft:spruce_slab":1,"minecraft:stone_pickaxe":83,"minecraft:ladder":1,"minecraft:oak_planks":4,"minecraft:wooden_pickaxe":9,"minecraft:leather_boots":1,"minecraft:rotten_flesh":8,"graveyard:bone_dagger":2,"minecraft:polished_deepslate_slab":6,"minecraft:torch":8,"minecraft:dirt":20,"minecraft:crafting_table":4,"minecraft:jungle_planks":3,"minecraft:black_bed":1,"minecraft:dark_oak_planks":3,"graveyard:gray_urn":2,"minecraft:light_gray_concrete":5,"minecraft:string":1,"minecraft:spruce_trapdoor":1,"minecraft:stone_axe":12,"minecraft:nether_wart_block":5,"minecraft:wooden_sword":58,"minecraft:golden_carrot":2,"minecraft:furnace":1,"minecraft:cobbled_deepslate_slab":5,"minecraft:coarse_dirt":3}},"DataVersion":2975}