{"stats":{"minecraft:killed":{"minecraft:skeleton":1,"graveyard:acolyte":1,"minecraft:zombie":2},"minecraft:killed_by":{"minecraft:skeleton":1,"minecraft:zombie":3,"graveyard:acolyte":11},"minecraft:dropped":{"minecraft:moss_block":1,"minecraft:coarse_dirt":1,"minecraft:stone_sword":1,"minecraft:iron_helmet":1,"minecraft:iron_boots":1,"minecraft:iron_leggings":1},"minecraft:crafted":{"minecraft:wooden_sword":1,"minecraft:oak_planks":40,"minecraft:crafting_table":1,"minecraft:wooden_pickaxe":1,"minecraft:furnace":1,"minecraft:stone_axe":1,"minecraft:stick":12,"minecraft:stone_pickaxe":1,"minecraft:stone_sword":2,"minecraft:dark_oak_planks":4,"minecraft:torch":8},"minecraft:mined":{"graveyard:tg_coarse_dirt":1,"minecraft:light_gray_stained_glass_pane":1,"minecraft:dark_oak_log":1,"minecraft:crafting_table":4,"minecraft:lever":1,"minecraft:cobbled_deepslate_slab":5,"minecraft:grass_block":3,"minecraft:white_stained_glass_pane":1,"minecraft:slime_block":1,"minecraft:moss_block":1,"minecraft:diorite":6,"graveyard:vase_block":1,"graveyard:tg_moss_block":1,"minecraft:iron_ore":5,"minecraft:grass":3,"graveyard:creeper_skeleton":1,"minecraft:oak_log":10,"minecraft:polished_deepslate_slab":5,"graveyard:leaning_skeleton":1,"minecraft:dirt":9,"minecraft:cobweb":6,"minecraft:stone":18,"minecraft:fern":1},"minecraft:picked_up":{"minecraft:crafting_table":4,"minecraft:coarse_dirt":2,"minecraft:oak_log":10,"minecraft:dirt":16,"minecraft:string":5,"minecraft:iron_leggings":1,"minecraft:bone":12,"graveyard:corruption":3,"minecraft:wheat_seeds":1,"minecraft:cobbled_deepslate":3,"minecraft:cobbled_deepslate_slab":5,"minecraft:moss_block":3,"minecraft:raw_iron":5,"minecraft:polished_deepslate_slab":5,"graveyard:bone_dagger":1,"minecraft:diorite":6,"minecraft:dark_oak_log":1,"minecraft:rotten_flesh":5,"minecraft:iron_helmet":1,"minecraft:bone_meal":1,"minecraft:cobblestone":18},"minecraft:custom":{"minecraft:mob_kills":5,"minecraft:interact_with_crafting_table":10,"minecraft:open_barrel":1,"minecraft:leave_game":3,"minecraft:time_since_death":1555,"minecraft:climb_one_cm":2740,"minecraft:time_since_rest":1583,"minecraft:sprint_one_cm":158806,"champions:champion_mobs_killed":4,"minecraft:damage_taken":4591,"minecraft:walk_one_cm":202963,"minecraft:drop":6,"minecraft:damage_dealt":1214,"minecraft:fly_one_cm":219238,"minecraft:player_kills":1,"minecraft:crouch_one_cm":15239,"minecraft:play_time":47178,"minecraft:deaths":15,"minecraft:sneak_time":2060,"minecraft:jump":439,"minecraft:total_world_time":47178,"minecraft:fall_one_cm":9022},"minecraft:used":{"minecraft:diorite":6,"minecraft:stone_sword":13,"minecraft:stone_pickaxe":37,"minecraft:oak_planks":4,"minecraft:wooden_pickaxe":9,"minecraft:leather_boots":1,"minecraft:rotten_flesh":3,"graveyard:bone_dagger":2,"minecraft:polished_deepslate_slab":5,"minecraft:torch":3,"minecraft:dirt":12,"minecraft:crafting_table":4,"minecraft:dark_oak_planks":3,"minecraft:stone_axe":4,"minecraft:wooden_sword":3,"minecraft:cobbled_deepslate_slab":5}},"DataVersion":2975}