{"stats":{"minecraft:killed":{"minecraft:skeleton":1,"graveyard:acolyte":1},"minecraft:killed_by":{"graveyard:acolyte":2,"minecraft:zombie":2},"minecraft:dropped":{"minecraft:iron_leggings":1,"minecraft:iron_helmet":1,"minecraft:iron_boots":1},"minecraft:crafted":{"minecraft:oak_planks":40,"minecraft:crafting_table":1,"minecraft:stick":8,"minecraft:wooden_pickaxe":1,"minecraft:stone_pickaxe":1,"minecraft:furnace":1,"minecraft:dark_oak_planks":4,"minecraft:stone_axe":1},"minecraft:mined":{"minecraft:light_gray_stained_glass_pane":1,"minecraft:iron_ore":5,"minecraft:dark_oak_log":1,"minecraft:crafting_table":2,"minecraft:cobbled_deepslate_slab":5,"minecraft:grass":3,"minecraft:grass_block":3,"minecraft:oak_log":10,"minecraft:polished_deepslate_slab":5,"minecraft:white_stained_glass_pane":1,"minecraft:dirt":9,"minecraft:stone":18,"minecraft:diorite":6},"minecraft:picked_up":{"minecraft:coarse_dirt":1,"minecraft:crafting_table":2,"minecraft:raw_iron":5,"minecraft:polished_deepslate_slab":5,"minecraft:oak_log":10,"minecraft:diorite":6,"minecraft:dark_oak_log":1,"minecraft:dirt":16,"minecraft:iron_leggings":1,"minecraft:rotten_flesh":3,"minecraft:wheat_seeds":1,"minecraft:cobbled_deepslate_slab":5,"minecraft:iron_helmet":1,"minecraft:cobblestone":18},"minecraft:custom":{"minecraft:time_since_rest":1281,"champions:champion_mobs_killed":2,"minecraft:sprint_one_cm":103836,"minecraft:damage_taken":1332,"minecraft:walk_one_cm":123173,"minecraft:mob_kills":3,"minecraft:drop":3,"minecraft:damage_dealt":315,"minecraft:player_kills":1,"minecraft:interact_with_crafting_table":6,"minecraft:fly_one_cm":202426,"minecraft:crouch_one_cm":10826,"minecraft:play_time":35178,"minecraft:deaths":4,"minecraft:sneak_time":1497,"minecraft:jump":331,"minecraft:leave_game":3,"minecraft:time_since_death":1253,"minecraft:total_world_time":35178,"minecraft:fall_one_cm":6837},"minecraft:used":{"minecraft:dark_oak_planks":3,"minecraft:diorite":6,"minecraft:stone_pickaxe":36,"minecraft:oak_planks":4,"minecraft:wooden_pickaxe":9,"minecraft:leather_boots":1,"minecraft:stone_axe":2,"minecraft:polished_deepslate_slab":5,"minecraft:dirt":12,"minecraft:cobbled_deepslate_slab":2,"minecraft:crafting_table":2}},"DataVersion":2975}