{"stats":{"minecraft:killed":{"graveyard:acolyte":2,"minecraft:chicken":2},"minecraft:killed_by":{"graveyard:acolyte":7,"undead_revamp2:the_moonflower":3,"minecraft:enderman":1},"minecraft:dropped":{"minecraft:wheat_seeds":1,"minecraft:oak_log":2},"minecraft:crafted":{"minecraft:wooden_sword":2,"minecraft:oak_planks":12,"minecraft:crafting_table":3,"minecraft:stick":8,"minecraft:wooden_pickaxe":2,"minecraft:dark_oak_planks":36},"minecraft:mined":{"minecraft:large_fern":3,"graveyard:small_light_blue_urn":1,"minecraft:spruce_stairs":1,"minecraft:coarse_dirt":2,"minecraft:light_gray_stained_glass_pane":1,"graveyard:gray_urn":1,"minecraft:stripped_dark_oak_log":1,"minecraft:dark_oak_log":10,"graveyard:skull_pile":1,"minecraft:black_bed":2,"minecraft:crafting_table":2,"minecraft:grass":20,"graveyard:tg_deepslate":1,"minecraft:grass_block":8,"minecraft:oak_log":5,"minecraft:white_stained_glass_pane":1,"minecraft:dirt":1,"minecraft:cobweb":2,"minecraft:spruce_leaves":2,"minecraft:oak_leaves":6,"minecraft:fern":1},"minecraft:picked_up":{"minecraft:nautilus_shell":4,"minecraft:iron_chestplate":4,"minecraft:crafting_table":2,"minecraft:feather":2,"minecraft:chicken":2,"minecraft:black_bed":2,"minecraft:amethyst_shard":34,"minecraft:oak_log":5,"minecraft:ink_sac":5,"minecraft:redstone":2,"minecraft:string":3,"minecraft:dark_oak_log":9,"minecraft:dirt":7,"graveyard:corruption":2,"minecraft:iron_leggings":1,"minecraft:armor_stand":1,"minecraft:stone_sword":1,"minecraft:bone":24,"minecraft:rotten_flesh":1,"minecraft:wheat_seeds":2,"minecraft:cobbled_deepslate":1,"minecraft:iron_helmet":1,"graveyard:gray_urn":1,"minecraft:bone_meal":6,"minecraft:cobweb":3,"minecraft:moss_block":1,"minecraft:stripped_dark_oak_log":1,"graveyard:small_light_blue_urn":1,"minecraft:iron_boots":3,"minecraft:egg":1},"minecraft:custom":{"minecraft:time_since_rest":2712,"minecraft:sprint_one_cm":51054,"minecraft:damage_taken":3835,"minecraft:walk_one_cm":261637,"minecraft:mob_kills":3,"minecraft:drop":2,"minecraft:damage_dealt":1261,"minecraft:swim_one_cm":12132,"minecraft:interact_with_crafting_table":6,"minecraft:fly_one_cm":59923,"minecraft:crouch_one_cm":40754,"minecraft:play_time":47606,"minecraft:deaths":11,"minecraft:sneak_time":9630,"minecraft:walk_under_water_one_cm":2026,"minecraft:jump":336,"minecraft:time_since_death":2695,"minecraft:walk_on_water_one_cm":5074,"minecraft:climb_one_cm":2272,"minecraft:total_world_time":47606,"champions:champion_mobs_killed":2,"minecraft:fall_one_cm":7796},"minecraft:used":{"minecraft:dark_oak_planks":18,"minecraft:stone_sword":3,"minecraft:chicken":2,"minecraft:wooden_pickaxe":6,"minecraft:rotten_flesh":1,"minecraft:wooden_sword":42,"minecraft:dirt":5,"minecraft:stripped_dark_oak_log":1,"minecraft:crafting_table":3}},"DataVersion":2975}