{"stats":{"minecraft:killed_by":{"minecraft:player":2,"undead_revamp2:the_moonflower":3,"minecraft:creeper":1,"minecraft:enderman":1,"graveyard:acolyte":11,"alexsmobs:crocodile":1},"minecraft:custom":{"minecraft:mob_kills":13,"minecraft:interact_with_crafting_table":27,"minecraft:leave_game":2,"minecraft:time_since_death":0,"minecraft:climb_one_cm":6130,"minecraft:sprint_one_cm":277495,"champions:champion_mobs_killed":3,"minecraft:walk_one_cm":646733,"minecraft:drop":24,"minecraft:damage_dealt_absorbed":22,"minecraft:talked_to_villager":1,"minecraft:play_time":136297,"minecraft:deaths":26,"minecraft:sneak_time":32122,"minecraft:walk_under_water_one_cm":17939,"minecraft:jump":1415,"minecraft:walk_on_water_one_cm":78154,"minecraft:total_world_time":136297,"minecraft:interact_with_furnace":59,"minecraft:time_since_rest":36,"minecraft:damage_taken":6653,"minecraft:damage_dealt":2518,"minecraft:swim_one_cm":69882,"minecraft:fly_one_cm":246596,"minecraft:player_kills":1,"minecraft:open_chest":1,"minecraft:crouch_one_cm":147378,"minecraft:fall_one_cm":24992},"minecraft:killed":{"alexsmobs:tasmanian_devil":1,"graveyard:acolyte":2,"minecraft:chicken":3,"minecraft:salmon":1,"minecraft:sheep":1,"minecraft:zombie":1,"minecraft:cow":3},"minecraft:used":{"minecraft:moss_block":2,"minecraft:stone_sword":32,"minecraft:wooden_shovel":43,"minecraft:rotten_flesh":1,"minecraft:torch":9,"minecraft:dirt":21,"minecraft:dark_oak_planks":18,"minecraft:beef":2,"minecraft:furnace":8,"minecraft:cooked_beef":3,"minecraft:stone_pickaxe":1016,"minecraft:oak_planks":1,"minecraft:wooden_pickaxe":75,"minecraft:leather_boots":1,"minecraft:salmon":1,"minecraft:stripped_dark_oak_log":1,"minecraft:crafting_table":9,"minecraft:apple":1,"minecraft:chicken":3,"minecraft:wooden_sword":58,"minecraft:cobblestone":52},"minecraft:crafted":{"minecraft:wooden_sword":4,"minecraft:oak_planks":12,"minecraft:dark_oak_wood":3,"minecraft:furnace":7,"minecraft:stone_pickaxe":9,"minecraft:dark_oak_planks":160,"minecraft:cooked_beef":4,"iceandfire:copper_ingot":9,"minecraft:wooden_shovel":1,"minecraft:crafting_table":8,"minecraft:wooden_pickaxe":5,"minecraft:copper_ingot":49,"minecraft:air":0,"minecraft:stick":44,"minecraft:iron_ingot":36,"minecraft:iron_pickaxe":1,"minecraft:stone_sword":1,"undead_revamp2:bostroxingot":3,"minecraft:torch":8},"minecraft:dropped":{"minecraft:moss_block":4,"minecraft:wheat_seeds":1,"minecraft:cooked_beef":1,"minecraft:oak_log":2,"minecraft:cobblestone":3,"minecraft:glow_berries":1,"minecraft:leather":6,"minecraft:granite":27,"minecraft:diorite":23,"minecraft:wooden_sword":1,"minecraft:dark_oak_planks":1,"minecraft:furnace":1,"minecraft:stone_sword":1,"minecraft:cobbled_deepslate":10,"minecraft:raw_copper":2,"minecraft:rotten_flesh":3,"undead_revamp2:bostroxingot":3,"minecraft:andesite":18,"minecraft:stone_pickaxe":1,"undead_revamp2:rawbostrox":3},"minecraft:mined":{"minecraft:spruce_planks":4,"minecraft:light_gray_stained_glass_pane":1,"graveyard:gray_urn":1,"minecraft:dark_oak_log":44,"minecraft:glow_lichen":1,"minecraft:granite":35,"minecraft:grass_block":14,"graveyard:tg_deepslate":1,"minecraft:redstone_wire":2,"minecraft:spruce_leaves":2,"minecraft:moss_block":6,"minecraft:large_fern":3,"graveyard:small_light_blue_urn":1,"minecraft:furnace":4,"iceandfire:copper_ore":9,"undead_revamp2:bostroxore":8,"minecraft:iron_ore":58,"minecraft:andesite":22,"minecraft:stone":717,"minecraft:stripped_dark_oak_log":1,"minecraft:clay":4,"minecraft:crafting_table":2,"minecraft:white_stained_glass_pane":1,"minecraft:cobblestone":2,"minecraft:copper_ore":35,"minecraft:diorite":49,"minecraft:wall_torch":1,"minecraft:spruce_stairs":1,"minecraft:coarse_dirt":2,"minecraft:black_bed":2,"graveyard:skull_pile":1,"minecraft:grass":22,"minecraft:oak_log":7,"minecraft:coal_ore":126,"minecraft:dirt":46,"minecraft:cobweb":2,"minecraft:oak_leaves":6,"minecraft:deepslate":10,"minecraft:fern":1},"minecraft:picked_up":{"minecraft:iron_chestplate":4,"minecraft:crafting_table":3,"minecraft:leather_leggings":1,"minecraft:chicken":3,"minecraft:clay_ball":12,"iceandfire:copper_ore":9,"iceandfire:armor_copper_metal_chestplate":1,"minecraft:string":3,"minecraft:moss_carpet":88,"minecraft:raw_copper":160,"minecraft:iron_leggings":2,"minecraft:armor_stand":1,"graveyard:corruption":2,"minecraft:cobbled_deepslate":12,"minecraft:spruce_planks":4,"minecraft:beef":7,"minecraft:azalea":19,"minecraft:egg":6,"minecraft:iron_boots":3,"minecraft:furnace":7,"minecraft:stick":2,"minecraft:raw_iron":58,"minecraft:torch":1,"minecraft:diorite":50,"minecraft:redstone":2,"minecraft:stone_sword":2,"minecraft:rotten_flesh":8,"minecraft:tropical_fish":1,"graveyard:gray_urn":1,"minecraft:glow_berries":5,"minecraft:mutton":2,"minecraft:white_wool":1,"minecraft:cobblestone":722,"minecraft:nautilus_shell":4,"minecraft:feather":6,"minecraft:iron_door":1,"minecraft:salmon":1,"minecraft:andesite":26,"minecraft:leather":8,"minecraft:black_bed":2,"minecraft:oak_log":7,"iceandfire:armor_copper_metal_helmet":1,"minecraft:dirt":66,"minecraft:leather_boots":1,"minecraft:bone":24,"minecraft:apple":1,"minecraft:kelp":2,"minecraft:wheat_seeds":29,"minecraft:iron_ingot":3,"minecraft:stone_pickaxe":1,"minecraft:cobweb":3,"minecraft:moss_block":6,"minecraft:flowering_azalea":2,"graveyard:small_light_blue_urn":1,"minecraft:dandelion":1,"minecraft:amethyst_shard":34,"minecraft:ink_sac":5,"minecraft:dark_oak_log":49,"undead_revamp2:rawbostrox":8,"minecraft:iron_helmet":1,"minecraft:granite":35,"minecraft:bone_meal":11,"minecraft:coal":142,"minecraft:stripped_dark_oak_log":1},"minecraft:broken":{"minecraft:leather_leggings":1,"minecraft:wooden_pickaxe":1,"minecraft:stone_pickaxe":6,"minecraft:leather_boots":1}},"DataVersion":2975}