{"stats":{"minecraft:killed_by":{"minecraft:player":1,"undead_revamp2:the_moonflower":3,"minecraft:enderman":1,"graveyard:acolyte":11},"minecraft:custom":{"minecraft:interact_with_furnace":59,"minecraft:mob_kills":10,"minecraft:interact_with_crafting_table":27,"minecraft:leave_game":1,"minecraft:time_since_death":60832,"minecraft:climb_one_cm":6130,"minecraft:time_since_rest":60857,"champions:champion_mobs_killed":3,"minecraft:sprint_one_cm":172675,"minecraft:damage_taken":5665,"minecraft:walk_one_cm":570089,"minecraft:drop":19,"minecraft:damage_dealt":2062,"minecraft:damage_dealt_absorbed":22,"minecraft:swim_one_cm":26473,"minecraft:player_kills":1,"minecraft:fly_one_cm":139549,"minecraft:crouch_one_cm":146306,"minecraft:play_time":119599,"minecraft:deaths":16,"minecraft:sneak_time":31718,"minecraft:walk_under_water_one_cm":5551,"minecraft:jump":1136,"minecraft:walk_on_water_one_cm":41152,"minecraft:total_world_time":119599,"minecraft:fall_one_cm":19746},"minecraft:killed":{"minecraft:sheep":1,"graveyard:acolyte":2,"minecraft:zombie":1,"minecraft:chicken":3,"minecraft:cow":3},"minecraft:used":{"minecraft:stone_sword":22,"minecraft:stone_pickaxe":1015,"minecraft:oak_planks":1,"minecraft:wooden_pickaxe":75,"minecraft:wooden_shovel":43,"minecraft:leather_boots":1,"minecraft:rotten_flesh":1,"minecraft:torch":9,"minecraft:stripped_dark_oak_log":1,"minecraft:dirt":21,"minecraft:crafting_table":9,"minecraft:dark_oak_planks":18,"minecraft:chicken":3,"minecraft:wooden_sword":58,"minecraft:cobblestone":44,"minecraft:beef":2,"minecraft:furnace":8,"minecraft:cooked_beef":3,"minecraft:moss_block":2},"minecraft:crafted":{"minecraft:cooked_beef":4,"minecraft:wooden_sword":4,"minecraft:wooden_shovel":1,"iceandfire:copper_ingot":9,"minecraft:oak_planks":12,"minecraft:crafting_table":8,"minecraft:dark_oak_wood":3,"minecraft:wooden_pickaxe":5,"minecraft:furnace":7,"minecraft:copper_ingot":49,"minecraft:air":0,"minecraft:stick":44,"minecraft:iron_ingot":36,"minecraft:iron_pickaxe":1,"minecraft:stone_pickaxe":9,"minecraft:stone_sword":1,"minecraft:torch":8,"minecraft:dark_oak_planks":160,"undead_revamp2:bostroxingot":3},"minecraft:dropped":{"minecraft:moss_block":4,"minecraft:wheat_seeds":1,"minecraft:cooked_beef":1,"minecraft:oak_log":2,"minecraft:cobbled_deepslate":10,"minecraft:raw_copper":2,"minecraft:glow_berries":1,"minecraft:cobblestone":2,"minecraft:rotten_flesh":3,"minecraft:leather":6,"minecraft:granite":27,"minecraft:diorite":23,"minecraft:andesite":18,"minecraft:dark_oak_planks":1,"undead_revamp2:rawbostrox":3,"minecraft:furnace":1},"minecraft:mined":{"minecraft:light_gray_stained_glass_pane":1,"graveyard:gray_urn":1,"minecraft:stripped_dark_oak_log":1,"minecraft:dark_oak_log":44,"minecraft:clay":4,"minecraft:crafting_table":2,"minecraft:glow_lichen":1,"minecraft:granite":35,"minecraft:grass_block":14,"minecraft:white_stained_glass_pane":1,"graveyard:tg_deepslate":1,"minecraft:redstone_wire":2,"minecraft:copper_ore":35,"minecraft:cobblestone":1,"minecraft:spruce_leaves":2,"minecraft:moss_block":6,"minecraft:diorite":49,"minecraft:wall_torch":1,"minecraft:large_fern":3,"minecraft:spruce_stairs":1,"graveyard:small_light_blue_urn":1,"minecraft:coarse_dirt":2,"minecraft:furnace":4,"iceandfire:copper_ore":9,"undead_revamp2:bostroxore":8,"minecraft:iron_ore":58,"minecraft:andesite":22,"minecraft:black_bed":2,"graveyard:skull_pile":1,"minecraft:grass":22,"minecraft:coal_ore":126,"minecraft:oak_log":7,"minecraft:dirt":46,"minecraft:cobweb":2,"minecraft:stone":717,"minecraft:oak_leaves":6,"minecraft:deepslate":10,"minecraft:fern":1},"minecraft:picked_up":{"minecraft:nautilus_shell":4,"minecraft:crafting_table":3,"minecraft:iron_chestplate":4,"minecraft:feather":4,"minecraft:chicken":3,"minecraft:iron_door":1,"minecraft:clay_ball":12,"iceandfire:copper_ore":9,"minecraft:andesite":26,"minecraft:leather_leggings":1,"minecraft:black_bed":2,"minecraft:leather":8,"iceandfire:armor_copper_metal_chestplate":1,"minecraft:oak_log":7,"iceandfire:armor_copper_metal_helmet":1,"minecraft:string":3,"minecraft:dirt":55,"minecraft:raw_copper":160,"minecraft:iron_leggings":2,"minecraft:leather_boots":1,"minecraft:armor_stand":1,"minecraft:bone":24,"graveyard:corruption":2,"minecraft:wheat_seeds":2,"minecraft:cobbled_deepslate":12,"minecraft:iron_ingot":3,"minecraft:beef":7,"minecraft:cobweb":3,"minecraft:moss_block":6,"minecraft:furnace":7,"graveyard:small_light_blue_urn":1,"minecraft:iron_boots":3,"minecraft:egg":2,"minecraft:raw_iron":58,"minecraft:torch":1,"minecraft:amethyst_shard":34,"minecraft:ink_sac":5,"minecraft:diorite":50,"minecraft:redstone":2,"minecraft:dark_oak_log":43,"undead_revamp2:rawbostrox":8,"minecraft:stone_sword":1,"minecraft:rotten_flesh":4,"minecraft:iron_helmet":1,"graveyard:gray_urn":1,"minecraft:granite":35,"minecraft:bone_meal":6,"minecraft:glow_berries":1,"minecraft:stripped_dark_oak_log":1,"minecraft:mutton":2,"minecraft:coal":142,"minecraft:white_wool":1,"minecraft:cobblestone":720},"minecraft:broken":{"minecraft:stone_pickaxe":6,"minecraft:wooden_pickaxe":1}},"DataVersion":2975}