{"stats":{"minecraft:killed_by":{"undead_revamp2:the_moonflower":3,"minecraft:enderman":1},"minecraft:custom":{"minecraft:jump":54,"minecraft:time_since_rest":5158,"minecraft:crouch_one_cm":416,"minecraft:sprint_one_cm":5240,"minecraft:deaths":4,"minecraft:play_time":11606,"minecraft:damage_taken":1140,"minecraft:time_since_death":5134,"minecraft:walk_one_cm":20585,"minecraft:sneak_time":95,"minecraft:total_world_time":11606,"minecraft:fall_one_cm":4829,"minecraft:fly_one_cm":9225}},"DataVersion":2975}