{"stats":{"minecraft:killed":{"minecraft:sheep":1,"graveyard:acolyte":2,"minecraft:chicken":3,"minecraft:cow":1},"minecraft:killed_by":{"minecraft:player":1,"undead_revamp2:the_moonflower":3,"minecraft:enderman":1,"graveyard:acolyte":11},"minecraft:dropped":{"minecraft:wheat_seeds":1,"minecraft:oak_log":2,"undead_revamp2:rawbostrox":3},"minecraft:crafted":{"minecraft:wooden_sword":4,"minecraft:wooden_shovel":1,"minecraft:oak_planks":12,"minecraft:crafting_table":7,"minecraft:dark_oak_wood":3,"minecraft:wooden_pickaxe":5,"minecraft:furnace":2,"minecraft:copper_ingot":6,"minecraft:air":0,"minecraft:stick":32,"minecraft:stone_pickaxe":5,"minecraft:stone_sword":1,"undead_revamp2:bostroxingot":3,"minecraft:torch":8,"minecraft:dark_oak_planks":136},"minecraft:mined":{"minecraft:light_gray_stained_glass_pane":1,"graveyard:gray_urn":1,"minecraft:stripped_dark_oak_log":1,"minecraft:dark_oak_log":38,"minecraft:clay":4,"minecraft:crafting_table":2,"minecraft:granite":27,"minecraft:grass_block":12,"minecraft:white_stained_glass_pane":1,"graveyard:tg_deepslate":1,"minecraft:redstone_wire":2,"minecraft:copper_ore":8,"minecraft:spruce_leaves":2,"minecraft:moss_block":5,"minecraft:diorite":20,"minecraft:wall_torch":1,"minecraft:large_fern":3,"minecraft:spruce_stairs":1,"graveyard:small_light_blue_urn":1,"minecraft:coarse_dirt":2,"undead_revamp2:bostroxore":8,"minecraft:iron_ore":9,"minecraft:andesite":9,"minecraft:black_bed":2,"graveyard:skull_pile":1,"minecraft:grass":21,"minecraft:coal_ore":21,"minecraft:oak_log":7,"minecraft:dirt":33,"minecraft:cobweb":2,"minecraft:stone":402,"minecraft:deepslate":10,"minecraft:oak_leaves":6,"minecraft:fern":1},"minecraft:picked_up":{"minecraft:nautilus_shell":4,"minecraft:crafting_table":2,"minecraft:iron_chestplate":4,"minecraft:feather":4,"minecraft:clay_ball":12,"minecraft:andesite":9,"minecraft:chicken":3,"minecraft:iron_door":1,"minecraft:leather":2,"minecraft:black_bed":2,"iceandfire:armor_copper_metal_chestplate":1,"minecraft:oak_log":7,"minecraft:dirt":39,"minecraft:string":3,"minecraft:raw_copper":30,"minecraft:iron_leggings":1,"minecraft:armor_stand":1,"minecraft:bone":24,"graveyard:corruption":2,"minecraft:wheat_seeds":2,"minecraft:cobbled_deepslate":12,"minecraft:iron_ingot":3,"minecraft:beef":2,"minecraft:cobweb":3,"minecraft:moss_block":5,"minecraft:furnace":1,"minecraft:iron_boots":3,"graveyard:small_light_blue_urn":1,"minecraft:egg":2,"minecraft:raw_iron":9,"minecraft:torch":1,"minecraft:amethyst_shard":34,"minecraft:ink_sac":5,"minecraft:diorite":20,"minecraft:redstone":2,"minecraft:dark_oak_log":37,"undead_revamp2:rawbostrox":8,"minecraft:stone_sword":1,"minecraft:rotten_flesh":1,"minecraft:iron_helmet":1,"graveyard:gray_urn":1,"minecraft:granite":27,"minecraft:bone_meal":6,"minecraft:glow_berries":1,"minecraft:mutton":2,"minecraft:stripped_dark_oak_log":1,"minecraft:coal":19,"minecraft:white_wool":1,"minecraft:cobblestone":401},"minecraft:broken":{"minecraft:stone_pickaxe":2,"minecraft:wooden_pickaxe":1},"minecraft:custom":{"minecraft:interact_with_furnace":13,"minecraft:mob_kills":6,"minecraft:interact_with_crafting_table":16,"minecraft:time_since_death":24839,"minecraft:climb_one_cm":6130,"minecraft:time_since_rest":24864,"champions:champion_mobs_killed":2,"minecraft:sprint_one_cm":112477,"minecraft:walk_one_cm":418818,"minecraft:damage_taken":5457,"minecraft:drop":3,"minecraft:damage_dealt":1572,"minecraft:swim_one_cm":17869,"minecraft:fly_one_cm":106130,"minecraft:player_kills":1,"minecraft:crouch_one_cm":94408,"minecraft:play_time":83606,"minecraft:deaths":16,"minecraft:sneak_time":21651,"minecraft:walk_under_water_one_cm":2525,"minecraft:jump":738,"minecraft:walk_on_water_one_cm":9180,"minecraft:total_world_time":83606,"minecraft:fall_one_cm":15596},"minecraft:used":{"minecraft:moss_block":2,"minecraft:stone_sword":3,"minecraft:stone_pickaxe":452,"minecraft:oak_planks":1,"minecraft:wooden_pickaxe":75,"minecraft:wooden_shovel":30,"minecraft:rotten_flesh":1,"minecraft:torch":3,"minecraft:stripped_dark_oak_log":1,"minecraft:dirt":21,"minecraft:crafting_table":7,"minecraft:dark_oak_planks":18,"minecraft:chicken":3,"minecraft:wooden_sword":58,"minecraft:cobblestone":7,"minecraft:beef":2,"minecraft:furnace":2}},"DataVersion":2975}