{"stats":{"minecraft:killed":{"minecraft:sheep":1,"graveyard:acolyte":2,"minecraft:chicken":3,"minecraft:cow":1},"minecraft:killed_by":{"minecraft:player":1,"undead_revamp2:the_moonflower":3,"minecraft:enderman":1,"graveyard:acolyte":11},"minecraft:dropped":{"minecraft:wheat_seeds":1,"minecraft:oak_log":2},"minecraft:crafted":{"minecraft:wooden_sword":4,"minecraft:oak_planks":12,"minecraft:crafting_table":6,"minecraft:dark_oak_wood":3,"minecraft:wooden_pickaxe":4,"minecraft:stick":24,"minecraft:stone_pickaxe":1,"minecraft:dark_oak_planks":104},"minecraft:mined":{"minecraft:light_gray_stained_glass_pane":1,"graveyard:gray_urn":1,"minecraft:stripped_dark_oak_log":1,"minecraft:dark_oak_log":30,"minecraft:crafting_table":2,"minecraft:grass_block":9,"minecraft:white_stained_glass_pane":1,"graveyard:tg_deepslate":1,"minecraft:redstone_wire":2,"minecraft:spruce_leaves":2,"minecraft:large_fern":3,"minecraft:spruce_stairs":1,"graveyard:small_light_blue_urn":1,"minecraft:coarse_dirt":2,"minecraft:iron_ore":3,"minecraft:black_bed":2,"graveyard:skull_pile":1,"minecraft:grass":21,"minecraft:coal_ore":17,"minecraft:oak_log":7,"minecraft:dirt":2,"minecraft:cobweb":2,"minecraft:stone":12,"minecraft:oak_leaves":6,"minecraft:fern":1},"minecraft:picked_up":{"minecraft:nautilus_shell":4,"minecraft:crafting_table":2,"minecraft:iron_chestplate":4,"minecraft:feather":4,"minecraft:chicken":3,"minecraft:iron_door":1,"minecraft:leather":2,"minecraft:black_bed":2,"minecraft:oak_log":7,"minecraft:dirt":7,"minecraft:string":3,"minecraft:iron_leggings":1,"minecraft:armor_stand":1,"minecraft:bone":24,"graveyard:corruption":2,"minecraft:wheat_seeds":2,"minecraft:cobbled_deepslate":2,"minecraft:beef":2,"minecraft:cobweb":3,"minecraft:moss_block":1,"minecraft:iron_boots":3,"graveyard:small_light_blue_urn":1,"minecraft:egg":2,"minecraft:raw_iron":3,"minecraft:amethyst_shard":34,"minecraft:ink_sac":5,"minecraft:redstone":2,"minecraft:dark_oak_log":29,"minecraft:stone_sword":1,"minecraft:rotten_flesh":1,"minecraft:iron_helmet":1,"graveyard:gray_urn":1,"minecraft:bone_meal":6,"minecraft:mutton":2,"minecraft:stripped_dark_oak_log":1,"minecraft:coal":15,"minecraft:white_wool":1,"minecraft:cobblestone":11},"minecraft:custom":{"minecraft:mob_kills":6,"minecraft:interact_with_crafting_table":11,"minecraft:time_since_death":839,"minecraft:climb_one_cm":6130,"minecraft:time_since_rest":864,"champions:champion_mobs_killed":2,"minecraft:sprint_one_cm":86625,"minecraft:walk_one_cm":313638,"minecraft:damage_taken":5457,"minecraft:drop":2,"minecraft:damage_dealt":1564,"minecraft:swim_one_cm":17869,"minecraft:fly_one_cm":102777,"minecraft:player_kills":1,"minecraft:crouch_one_cm":46389,"minecraft:play_time":59606,"minecraft:deaths":16,"minecraft:sneak_time":11998,"minecraft:walk_under_water_one_cm":2456,"minecraft:jump":476,"minecraft:walk_on_water_one_cm":8465,"minecraft:total_world_time":59606,"minecraft:fall_one_cm":15596},"minecraft:used":{"minecraft:moss_block":1,"minecraft:stone_sword":3,"minecraft:stone_pickaxe":23,"minecraft:oak_planks":1,"minecraft:wooden_pickaxe":16,"minecraft:rotten_flesh":1,"minecraft:stripped_dark_oak_log":1,"minecraft:dirt":5,"minecraft:crafting_table":6,"minecraft:dark_oak_planks":18,"minecraft:chicken":3,"minecraft:wooden_sword":58,"minecraft:beef":2}},"DataVersion":2975}