{"stats":{"minecraft:killed_by":{"undead_revamp2:the_moonflower":3,"minecraft:enderman":1},"minecraft:dropped":{"minecraft:wheat_seeds":1},"minecraft:mined":{"minecraft:grass":17,"minecraft:oak_leaves":4},"minecraft:picked_up":{"minecraft:wheat_seeds":1},"minecraft:custom":{"minecraft:jump":100,"minecraft:time_since_rest":17158,"minecraft:damage_dealt":40,"minecraft:crouch_one_cm":10892,"minecraft:sprint_one_cm":8761,"minecraft:deaths":4,"minecraft:play_time":23606,"minecraft:damage_taken":1655,"minecraft:time_since_death":17134,"minecraft:walk_one_cm":74434,"minecraft:sneak_time":2993,"minecraft:total_world_time":23606,"minecraft:drop":1,"minecraft:fall_one_cm":5247,"minecraft:fly_one_cm":14715}},"DataVersion":2975}