{"stats":{"minecraft:killed":{"minecraft:sheep":1,"graveyard:acolyte":2,"minecraft:chicken":3,"minecraft:cow":1},"minecraft:killed_by":{"minecraft:player":1,"undead_revamp2:the_moonflower":3,"minecraft:enderman":1,"graveyard:acolyte":11},"minecraft:dropped":{"minecraft:wheat_seeds":1,"minecraft:oak_log":2},"minecraft:crafted":{"minecraft:wooden_sword":4,"minecraft:wooden_shovel":1,"minecraft:oak_planks":12,"minecraft:crafting_table":7,"minecraft:dark_oak_wood":3,"minecraft:wooden_pickaxe":5,"minecraft:stick":28,"minecraft:stone_pickaxe":3,"minecraft:stone_sword":1,"minecraft:dark_oak_planks":136},"minecraft:mined":{"minecraft:light_gray_stained_glass_pane":1,"graveyard:gray_urn":1,"minecraft:stripped_dark_oak_log":1,"minecraft:dark_oak_log":38,"minecraft:crafting_table":2,"minecraft:granite":13,"minecraft:grass_block":12,"minecraft:white_stained_glass_pane":1,"graveyard:tg_deepslate":1,"minecraft:redstone_wire":2,"minecraft:copper_ore":1,"minecraft:spruce_leaves":2,"minecraft:moss_block":5,"minecraft:diorite":19,"minecraft:large_fern":3,"minecraft:spruce_stairs":1,"graveyard:small_light_blue_urn":1,"minecraft:coarse_dirt":2,"undead_revamp2:bostroxore":6,"minecraft:iron_ore":3,"minecraft:andesite":6,"minecraft:black_bed":2,"graveyard:skull_pile":1,"minecraft:grass":21,"minecraft:coal_ore":21,"minecraft:oak_log":7,"minecraft:dirt":29,"minecraft:cobweb":2,"minecraft:stone":269,"minecraft:deepslate":10,"minecraft:oak_leaves":6,"minecraft:fern":1},"minecraft:picked_up":{"minecraft:nautilus_shell":4,"minecraft:crafting_table":2,"minecraft:iron_chestplate":4,"minecraft:feather":4,"minecraft:andesite":6,"minecraft:chicken":3,"minecraft:iron_door":1,"minecraft:leather":2,"minecraft:black_bed":2,"minecraft:oak_log":7,"minecraft:dirt":37,"minecraft:string":3,"minecraft:raw_copper":2,"minecraft:iron_leggings":1,"minecraft:armor_stand":1,"minecraft:bone":24,"graveyard:corruption":2,"minecraft:wheat_seeds":2,"minecraft:cobbled_deepslate":12,"minecraft:beef":2,"minecraft:cobweb":3,"minecraft:moss_block":5,"minecraft:iron_boots":3,"graveyard:small_light_blue_urn":1,"minecraft:egg":2,"minecraft:raw_iron":3,"minecraft:amethyst_shard":34,"minecraft:ink_sac":5,"minecraft:diorite":19,"minecraft:redstone":2,"minecraft:dark_oak_log":37,"undead_revamp2:rawbostrox":6,"minecraft:stone_sword":1,"minecraft:rotten_flesh":1,"minecraft:iron_helmet":1,"graveyard:gray_urn":1,"minecraft:granite":13,"minecraft:bone_meal":6,"minecraft:mutton":2,"minecraft:stripped_dark_oak_log":1,"minecraft:coal":19,"minecraft:white_wool":1,"minecraft:cobblestone":263},"minecraft:broken":{"minecraft:stone_pickaxe":2,"minecraft:wooden_pickaxe":1},"minecraft:custom":{"minecraft:mob_kills":6,"minecraft:interact_with_crafting_table":14,"minecraft:time_since_death":12839,"minecraft:climb_one_cm":6130,"minecraft:time_since_rest":12864,"champions:champion_mobs_killed":2,"minecraft:sprint_one_cm":95652,"minecraft:walk_one_cm":346012,"minecraft:damage_taken":5457,"minecraft:drop":2,"minecraft:damage_dealt":1564,"minecraft:swim_one_cm":17869,"minecraft:fly_one_cm":104170,"minecraft:player_kills":1,"minecraft:crouch_one_cm":73889,"minecraft:play_time":71606,"minecraft:deaths":16,"minecraft:sneak_time":18328,"minecraft:walk_under_water_one_cm":2525,"minecraft:jump":598,"minecraft:walk_on_water_one_cm":9180,"minecraft:total_world_time":71606,"minecraft:fall_one_cm":15596},"minecraft:used":{"minecraft:moss_block":2,"minecraft:stone_sword":3,"minecraft:stone_pickaxe":285,"minecraft:oak_planks":1,"minecraft:wooden_pickaxe":75,"minecraft:wooden_shovel":23,"minecraft:rotten_flesh":1,"minecraft:stripped_dark_oak_log":1,"minecraft:dirt":21,"minecraft:crafting_table":7,"minecraft:dark_oak_planks":18,"minecraft:chicken":3,"minecraft:wooden_sword":58,"minecraft:cobblestone":3,"minecraft:beef":2}},"DataVersion":2975}