{"stats":{"minecraft:killed":{"minecraft:chicken":2},"minecraft:killed_by":{"graveyard:acolyte":1,"undead_revamp2:the_moonflower":3,"minecraft:enderman":1},"minecraft:dropped":{"minecraft:wheat_seeds":1,"minecraft:oak_log":2},"minecraft:crafted":{"minecraft:wooden_sword":1,"minecraft:oak_planks":12,"minecraft:crafting_table":3,"minecraft:stick":4,"minecraft:wooden_pickaxe":1,"minecraft:dark_oak_planks":36},"minecraft:mined":{"minecraft:spruce_stairs":1,"minecraft:coarse_dirt":2,"minecraft:light_gray_stained_glass_pane":1,"graveyard:gray_urn":1,"minecraft:stripped_dark_oak_log":1,"minecraft:dark_oak_log":10,"graveyard:skull_pile":1,"minecraft:black_bed":2,"minecraft:crafting_table":1,"minecraft:grass":19,"minecraft:grass_block":6,"minecraft:oak_log":5,"minecraft:white_stained_glass_pane":1,"minecraft:cobweb":1,"minecraft:spruce_leaves":1,"minecraft:oak_leaves":6,"minecraft:fern":1},"minecraft:picked_up":{"minecraft:iron_chestplate":3,"minecraft:crafting_table":1,"minecraft:feather":2,"minecraft:chicken":2,"minecraft:black_bed":2,"minecraft:amethyst_shard":34,"minecraft:oak_log":5,"minecraft:string":1,"minecraft:dark_oak_log":9,"minecraft:dirt":4,"minecraft:iron_leggings":1,"minecraft:armor_stand":1,"minecraft:bone":4,"minecraft:wheat_seeds":1,"minecraft:iron_helmet":1,"graveyard:gray_urn":1,"minecraft:cobweb":3,"minecraft:stripped_dark_oak_log":1,"minecraft:iron_boots":3,"minecraft:egg":1},"minecraft:custom":{"minecraft:time_since_rest":2540,"minecraft:sprint_one_cm":39673,"minecraft:damage_taken":1995,"minecraft:walk_one_cm":166590,"minecraft:mob_kills":2,"minecraft:drop":2,"minecraft:damage_dealt":398,"minecraft:swim_one_cm":10704,"minecraft:interact_with_crafting_table":1,"minecraft:fly_one_cm":45010,"minecraft:crouch_one_cm":27880,"minecraft:play_time":35606,"minecraft:deaths":5,"minecraft:sneak_time":6520,"minecraft:walk_under_water_one_cm":1333,"minecraft:jump":230,"minecraft:time_since_death":2486,"minecraft:walk_on_water_one_cm":3958,"minecraft:climb_one_cm":722,"minecraft:total_world_time":35606,"minecraft:fall_one_cm":6199},"minecraft:used":{"minecraft:dark_oak_planks":7,"minecraft:wooden_pickaxe":5,"minecraft:wooden_sword":12,"minecraft:stripped_dark_oak_log":1,"minecraft:crafting_table":2}},"DataVersion":2975}